"Type","Source","Destination","Alt Text","Length"
"Image","https://nmgtechnologies.com/services/mobile-application-development/enterprise-mobility/","https://nmgtechnologies.com/hubfs/mwc-blog.jpg","NMG Technologies to Participate in Mobile Word Capital Barcelona – the world’s largest and most influential connectivity event","126"
"Image","https://nmgtechnologies.com/wordpress-development","https://nmgtechnologies.com/hubfs/mwc-blog.jpg","NMG Technologies to Participate in Mobile Word Capital Barcelona – the world’s largest and most influential connectivity event","126"
"Image","https://nmgtechnologies.com/solution/portals/","https://nmgtechnologies.com/hubfs/mwc-blog.jpg","NMG Technologies to Participate in Mobile Word Capital Barcelona – the world’s largest and most influential connectivity event","126"
"Image","https://nmgtechnologies.com/solution/fintech/","https://nmgtechnologies.com/hubfs/mwc-blog.jpg","NMG Technologies to Participate in Mobile Word Capital Barcelona – the world’s largest and most influential connectivity event","126"
"Image","https://nmgtechnologies.com/services/web-development","https://nmgtechnologies.com/hubfs/mwc-blog.jpg","NMG Technologies to Participate in Mobile Word Capital Barcelona – the world’s largest and most influential connectivity event","126"
"Image","https://nmgtechnologies.com/blog/tag/events","https://nmgtechnologies.com/hubfs/mwc-blog.jpg","","0"
"Image","https://nmgtechnologies.com/ai-driven-enterprise-software-development","https://nmgtechnologies.com/hubfs/mwc-blog.jpg","NMG Technologies to Participate in Mobile Word Capital Barcelona – the world’s largest and most influential connectivity event","126"
"Image","https://nmgtechnologies.com/solution/artificial-intelligence/","https://nmgtechnologies.com/hubfs/mwc-blog.jpg","NMG Technologies to Participate in Mobile Word Capital Barcelona – the world’s largest and most influential connectivity event","126"
"Image","https://nmgtechnologies.com/ai-machine-learning-solutions","https://nmgtechnologies.com/hubfs/mwc-blog.jpg","NMG Technologies to Participate in Mobile Word Capital Barcelona – the world’s largest and most influential connectivity event","126"
"Image","https://nmgtechnologies.com/solution/cloud-apps/","https://nmgtechnologies.com/hubfs/mwc-blog.jpg","NMG Technologies to Participate in Mobile Word Capital Barcelona – the world’s largest and most influential connectivity event","126"
"Image","https://nmgtechnologies.com/services/mobile-application-development/android-app-development","https://nmgtechnologies.com/hubfs/mwc-blog.jpg","NMG Technologies to Participate in Mobile Word Capital Barcelona – the world’s largest and most influential connectivity event","126"
"Image","https://nmgtechnologies.com/services/dedicated-team-setups/","https://nmgtechnologies.com/hubfs/mwc-blog.jpg","NMG Technologies to Participate in Mobile Word Capital Barcelona – the world’s largest and most influential connectivity event","126"
"Image","https://nmgtechnologies.com/services/mobile-application-development/ios-app-development/","https://nmgtechnologies.com/hubfs/mwc-blog.jpg","NMG Technologies to Participate in Mobile Word Capital Barcelona – the world’s largest and most influential connectivity event","126"
"Image","https://nmgtechnologies.com/ai-enhanced-web-mobile-application-development","https://nmgtechnologies.com/hubfs/mwc-blog.jpg","NMG Technologies to Participate in Mobile Word Capital Barcelona – the world’s largest and most influential connectivity event","126"
"Image","https://nmgtechnologies.com/services/shopify","https://nmgtechnologies.com/hubfs/mwc-blog.jpg","NMG Technologies to Participate in Mobile Word Capital Barcelona – the world’s largest and most influential connectivity event","126"
"Image","https://nmgtechnologies.com/services/custom-software-development/php-development/","https://nmgtechnologies.com/hubfs/mwc-blog.jpg","NMG Technologies to Participate in Mobile Word Capital Barcelona – the world’s largest and most influential connectivity event","126"
"Image","https://nmgtechnologies.com/services/ecommerce-development/magento-development/","https://nmgtechnologies.com/hubfs/mwc-blog.jpg","NMG Technologies to Participate in Mobile Word Capital Barcelona – the world’s largest and most influential connectivity event","126"
"Image","https://nmgtechnologies.com/services/it-consulting/","https://nmgtechnologies.com/hubfs/mwc-blog.jpg","NMG Technologies to Participate in Mobile Word Capital Barcelona – the world’s largest and most influential connectivity event","126"
"Image","https://nmgtechnologies.com/agentic-ai","https://nmgtechnologies.com/hubfs/mwc-blog.jpg","NMG Technologies to Participate in Mobile Word Capital Barcelona – the world’s largest and most influential connectivity event","126"
"Image","https://nmgtechnologies.com/services/ecommerce-development/","https://nmgtechnologies.com/hubfs/mwc-blog.jpg","NMG Technologies to Participate in Mobile Word Capital Barcelona – the world’s largest and most influential connectivity event","126"
"Image","https://nmgtechnologies.com/services/custom-software-development/saas-development/","https://nmgtechnologies.com/hubfs/mwc-blog.jpg","NMG Technologies to Participate in Mobile Word Capital Barcelona – the world’s largest and most influential connectivity event","126"
"Image","https://nmgtechnologies.com/ai-strategy-implementation-consulting","https://nmgtechnologies.com/hubfs/mwc-blog.jpg","NMG Technologies to Participate in Mobile Word Capital Barcelona – the world’s largest and most influential connectivity event","126"
"Image","https://nmgtechnologies.com/services/erp-development","https://nmgtechnologies.com/hubfs/mwc-blog.jpg","NMG Technologies to Participate in Mobile Word Capital Barcelona – the world’s largest and most influential connectivity event","126"
"Image","https://nmgtechnologies.com/solution/internet-of-things/","https://nmgtechnologies.com/hubfs/mwc-blog.jpg","NMG Technologies to Participate in Mobile Word Capital Barcelona – the world’s largest and most influential connectivity event","126"
"Image","https://nmgtechnologies.com/solution/blockchain","https://nmgtechnologies.com/hubfs/mwc-blog.jpg","NMG Technologies to Participate in Mobile Word Capital Barcelona – the world’s largest and most influential connectivity event","126"
"Image","https://nmgtechnologies.com/blog","https://nmgtechnologies.com/hubfs/mwc-blog.jpg","","0"
"Image","https://nmgtechnologies.com/ai-powered-saas-development","https://nmgtechnologies.com/hubfs/mwc-blog.jpg","NMG Technologies to Participate in Mobile Word Capital Barcelona – the world’s largest and most influential connectivity event","126"
"Image","https://nmgtechnologies.com/ai-optimized-ecommerce-solutions","https://nmgtechnologies.com/hubfs/mwc-blog.jpg","NMG Technologies to Participate in Mobile Word Capital Barcelona – the world’s largest and most influential connectivity event","126"
"Image","https://nmgtechnologies.com/ai-driven-business-transformation-consulting","https://nmgtechnologies.com/hubfs/mwc-blog.jpg","NMG Technologies to Participate in Mobile Word Capital Barcelona – the world’s largest and most influential connectivity event","126"
"Image","https://nmgtechnologies.com/services/custom-software-development/","https://nmgtechnologies.com/hubfs/mwc-blog.jpg","NMG Technologies to Participate in Mobile Word Capital Barcelona – the world’s largest and most influential connectivity event","126"
"Image","https://nmgtechnologies.com/ai-driven-devops-cloud-automation","https://nmgtechnologies.com/hubfs/mwc-blog.jpg","NMG Technologies to Participate in Mobile Word Capital Barcelona – the world’s largest and most influential connectivity event","126"
"Image","https://nmgtechnologies.com/ai-powered-business-process-transformation","https://nmgtechnologies.com/hubfs/mwc-blog.jpg","NMG Technologies to Participate in Mobile Word Capital Barcelona – the world’s largest and most influential connectivity event","126"
"Image","https://nmgtechnologies.com/services/crm-development","https://nmgtechnologies.com/hubfs/mwc-blog.jpg","NMG Technologies to Participate in Mobile Word Capital Barcelona – the world’s largest and most influential connectivity event","126"
"Image","https://nmgtechnologies.com/services/mobile-application-development","https://nmgtechnologies.com/hubfs/mwc-blog.jpg","NMG Technologies to Participate in Mobile Word Capital Barcelona – the world’s largest and most influential connectivity event","126"
"Image","https://nmgtechnologies.com/services/user-interface-design/","https://nmgtechnologies.com/hubfs/mwc-blog.jpg","NMG Technologies to Participate in Mobile Word Capital Barcelona – the world’s largest and most influential connectivity event","126"
"Image","https://nmgtechnologies.com/services/mobile-application-development/tablet-app-development/","https://nmgtechnologies.com/hubfs/mwc-blog.jpg","NMG Technologies to Participate in Mobile Word Capital Barcelona – the world’s largest and most influential connectivity event","126"
"Image","https://nmgtechnologies.com/services/user-interface-design/mobile-design/","https://nmgtechnologies.com/hubfs/mwc-blog.jpg","NMG Technologies to Participate in Mobile Word Capital Barcelona – the world’s largest and most influential connectivity event","126"
"Image","https://nmgtechnologies.com/solution/augmented-reality/","https://nmgtechnologies.com/hubfs/mwc-blog.jpg","NMG Technologies to Participate in Mobile Word Capital Barcelona – the world’s largest and most influential connectivity event","126"
"Image","https://nmgtechnologies.com/services/user-interface-design/web-design/","https://nmgtechnologies.com/hubfs/mwc-blog.jpg","NMG Technologies to Participate in Mobile Word Capital Barcelona – the world’s largest and most influential connectivity event","126"
"Image","https://nmgtechnologies.com/services/custom-software-development/aspnet-development/","https://nmgtechnologies.com/hubfs/mwc-blog.jpg","NMG Technologies to Participate in Mobile Word Capital Barcelona – the world’s largest and most influential connectivity event","126"
"Image","https://nmgtechnologies.com/blog/author/nishtha","https://nmgtechnologies.com/hubfs/mwc-blog.jpg","","0"
