"Type","Source","Destination","Size (Bytes)"
"Image","https://nmgtechnologies.com/","https://nmgtechnologies.com/hubfs/schedule-call.png","113258"
"Image","https://nmgtechnologies.com/services/mobile-application-development/enterprise-mobility/","https://nmgtechnologies.com/hubfs/schedule-call.png","113258"
"Image","https://nmgtechnologies.com/wordpress-development","https://nmgtechnologies.com/hubfs/schedule-call.png","113258"
"Image","https://nmgtechnologies.com/solution/portals/","https://nmgtechnologies.com/hubfs/schedule-call.png","113258"
"Image","https://nmgtechnologies.com/company/about-us","https://nmgtechnologies.com/hubfs/schedule-call.png","113258"
"Image","https://nmgtechnologies.com/resources/library/","https://nmgtechnologies.com/hubfs/schedule-call.png","113258"
"Image","https://nmgtechnologies.com/solution/fintech/","https://nmgtechnologies.com/hubfs/schedule-call.png","113258"
"Image","https://nmgtechnologies.com/services/web-development","https://nmgtechnologies.com/hubfs/schedule-call.png","113258"
"Image","https://nmgtechnologies.com/blog/tag/events","https://nmgtechnologies.com/hubfs/schedule-call.png","113258"
"Image","https://nmgtechnologies.com/ai-driven-enterprise-software-development","https://nmgtechnologies.com/hubfs/schedule-call.png","113258"
"Image","https://nmgtechnologies.com/solution/artificial-intelligence/","https://nmgtechnologies.com/hubfs/schedule-call.png","113258"
"Image","https://nmgtechnologies.com/ai-machine-learning-solutions","https://nmgtechnologies.com/hubfs/schedule-call.png","113258"
"Image","https://nmgtechnologies.com/solution/cloud-apps/","https://nmgtechnologies.com/hubfs/schedule-call.png","113258"
"Image","https://nmgtechnologies.com/industry/fintech","https://nmgtechnologies.com/hubfs/schedule-call.png","113258"
"Image","https://nmgtechnologies.com/services/mobile-application-development/android-app-development","https://nmgtechnologies.com/hubfs/schedule-call.png","113258"
"Image","https://nmgtechnologies.com/get-custom-pricing","https://nmgtechnologies.com/hubfs/schedule-call.png","113258"
"Image","https://nmgtechnologies.com/services/dedicated-team-setups/","https://nmgtechnologies.com/hubfs/schedule-call.png","113258"
"Image","https://nmgtechnologies.com/industry/travel","https://nmgtechnologies.com/hubfs/schedule-call.png","113258"
"Image","https://nmgtechnologies.com/services/mobile-application-development/ios-app-development/","https://nmgtechnologies.com/hubfs/schedule-call.png","113258"
"Image","https://nmgtechnologies.com/ai-enhanced-web-mobile-application-development","https://nmgtechnologies.com/hubfs/schedule-call.png","113258"
"Image","https://nmgtechnologies.com/services/shopify","https://nmgtechnologies.com/hubfs/schedule-call.png","113258"
"Image","https://nmgtechnologies.com/sitemap","https://nmgtechnologies.com/hubfs/schedule-call.png","113258"
"Image","https://nmgtechnologies.com/services/custom-software-development/php-development/","https://nmgtechnologies.com/hubfs/schedule-call.png","113258"
"Image","https://nmgtechnologies.com/contact-us","https://nmgtechnologies.com/hubfs/schedule-call.png","113258"
"Image","https://nmgtechnologies.com/company/careers/","https://nmgtechnologies.com/hubfs/schedule-call.png","113258"
"Image","https://nmgtechnologies.com/company/process/","https://nmgtechnologies.com/hubfs/schedule-call.png","113258"
"Image","https://nmgtechnologies.com/services/ecommerce-development/magento-development/","https://nmgtechnologies.com/hubfs/schedule-call.png","113258"
"Image","https://nmgtechnologies.com/privacy-policy","https://nmgtechnologies.com/hubfs/schedule-call.png","113258"
"Image","https://nmgtechnologies.com/services/it-consulting/","https://nmgtechnologies.com/hubfs/schedule-call.png","113258"
"Image","https://nmgtechnologies.com/industry/marketresearch","https://nmgtechnologies.com/hubfs/schedule-call.png","113258"
"Image","https://nmgtechnologies.com/agentic-ai","https://nmgtechnologies.com/hubfs/schedule-call.png","113258"
"Image","https://nmgtechnologies.com/services/ecommerce-development/","https://nmgtechnologies.com/hubfs/schedule-call.png","113258"
"Image","https://nmgtechnologies.com/services/custom-software-development/saas-development/","https://nmgtechnologies.com/hubfs/schedule-call.png","113258"
"Image","https://nmgtechnologies.com/ai-strategy-implementation-consulting","https://nmgtechnologies.com/hubfs/schedule-call.png","113258"
"Image","https://nmgtechnologies.com/services/erp-development","https://nmgtechnologies.com/hubfs/schedule-call.png","113258"
"Image","https://nmgtechnologies.com/solution/internet-of-things/","https://nmgtechnologies.com/hubfs/schedule-call.png","113258"
"Image","https://nmgtechnologies.com/industry/healthcare","https://nmgtechnologies.com/hubfs/schedule-call.png","113258"
"Image","https://nmgtechnologies.com/solution/blockchain","https://nmgtechnologies.com/hubfs/schedule-call.png","113258"
"Image","https://nmgtechnologies.com/blog","https://nmgtechnologies.com/hubfs/schedule-call.png","113258"
"Image","https://nmgtechnologies.com/ai-powered-saas-development","https://nmgtechnologies.com/hubfs/schedule-call.png","113258"
"Image","https://nmgtechnologies.com/ai-optimized-ecommerce-solutions","https://nmgtechnologies.com/hubfs/schedule-call.png","113258"
"Image","https://nmgtechnologies.com/company/leadership","https://nmgtechnologies.com/hubfs/schedule-call.png","113258"
"Image","https://nmgtechnologies.com/ai-driven-business-transformation-consulting","https://nmgtechnologies.com/hubfs/schedule-call.png","113258"
"Image","https://nmgtechnologies.com/services/custom-software-development/","https://nmgtechnologies.com/hubfs/schedule-call.png","113258"
"Image","https://nmgtechnologies.com/ai-driven-devops-cloud-automation","https://nmgtechnologies.com/hubfs/schedule-call.png","113258"
"Image","https://nmgtechnologies.com/industry/staffing","https://nmgtechnologies.com/hubfs/schedule-call.png","113258"
"Image","https://nmgtechnologies.com/ai-powered-business-process-transformation","https://nmgtechnologies.com/hubfs/schedule-call.png","113258"
"Image","https://nmgtechnologies.com/services/crm-development","https://nmgtechnologies.com/hubfs/schedule-call.png","113258"
"Image","https://nmgtechnologies.com/services/mobile-application-development","https://nmgtechnologies.com/hubfs/schedule-call.png","113258"
"Image","https://nmgtechnologies.com/services/user-interface-design/","https://nmgtechnologies.com/hubfs/schedule-call.png","113258"
"Image","https://nmgtechnologies.com/company/promise/","https://nmgtechnologies.com/hubfs/schedule-call.png","113258"
"Image","https://nmgtechnologies.com/industry/edtech","https://nmgtechnologies.com/hubfs/schedule-call.png","113258"
"Image","https://nmgtechnologies.com/services/mobile-application-development/tablet-app-development/","https://nmgtechnologies.com/hubfs/schedule-call.png","113258"
"Image","https://nmgtechnologies.com/services/user-interface-design/mobile-design/","https://nmgtechnologies.com/hubfs/schedule-call.png","113258"
"Image","https://nmgtechnologies.com/company/outsourcing/","https://nmgtechnologies.com/hubfs/schedule-call.png","113258"
"Image","https://nmgtechnologies.com/resources/faq/","https://nmgtechnologies.com/hubfs/schedule-call.png","113258"
"Image","https://nmgtechnologies.com/success-stories","https://nmgtechnologies.com/hubfs/schedule-call.png","113258"
"Image","https://nmgtechnologies.com/solution/augmented-reality/","https://nmgtechnologies.com/hubfs/schedule-call.png","113258"
"Image","https://nmgtechnologies.com/services/user-interface-design/web-design/","https://nmgtechnologies.com/hubfs/schedule-call.png","113258"
"Image","https://nmgtechnologies.com/disclaimer","https://nmgtechnologies.com/hubfs/schedule-call.png","113258"
"Image","https://nmgtechnologies.com/services/custom-software-development/aspnet-development/","https://nmgtechnologies.com/hubfs/schedule-call.png","113258"
"Image","https://nmgtechnologies.com/download-content-editorial-calendar","https://nmgtechnologies.com/hubfs/schedule-call.png","113258"
"Image","https://nmgtechnologies.com/download-outsourcingrules-ebook","https://nmgtechnologies.com/hubfs/schedule-call.png","113258"
"Image","https://nmgtechnologies.com/resources/library/python-development-guide","https://nmgtechnologies.com/hubfs/schedule-call.png","113258"
"Image","https://nmgtechnologies.com/download-developmental-checklist","https://nmgtechnologies.com/hubfs/schedule-call.png","113258"
"Image","https://nmgtechnologies.com/download-appdevelopmentcost-ebook","https://nmgtechnologies.com/hubfs/schedule-call.png","113258"
"Image","https://nmgtechnologies.com/mobile-development-checklist","https://nmgtechnologies.com/hubfs/schedule-call.png","113258"
"Image","https://nmgtechnologies.com/work/web/","https://nmgtechnologies.com/hubfs/schedule-call.png","113258"
"Image","https://nmgtechnologies.com/resources/library/mobile-app-development-guide","https://nmgtechnologies.com/hubfs/schedule-call.png","113258"
"Image","https://nmgtechnologies.com/work/mobile/","https://nmgtechnologies.com/hubfs/schedule-call.png","113258"
"Image","https://nmgtechnologies.com/work/advanced-seo/","https://nmgtechnologies.com/hubfs/schedule-call.png","113258"
"Image","https://nmgtechnologies.com/resources/library/hire-web-developers-guide","https://nmgtechnologies.com/hubfs/schedule-call.png","113258"
"Image","https://nmgtechnologies.com/blog/author/nishtha","https://nmgtechnologies.com/hubfs/schedule-call.png","113258"
"Image","https://nmgtechnologies.com/work/ecommerce/","https://nmgtechnologies.com/hubfs/schedule-call.png","113258"
"Image","https://nmgtechnologies.com/blog/tag/featured","https://nmgtechnologies.com/hubfs/schedule-call.png","113258"
"Image","https://nmgtechnologies.com/blog/tag/technology","https://nmgtechnologies.com/hubfs/schedule-call.png","113258"
"Image","https://nmgtechnologies.com/blog/tag/web","https://nmgtechnologies.com/hubfs/schedule-call.png","113258"
"Image","https://nmgtechnologies.com/blog/tag/design","https://nmgtechnologies.com/hubfs/schedule-call.png","113258"
"Image","https://nmgtechnologies.com/blog/tag/outsourcing","https://nmgtechnologies.com/hubfs/schedule-call.png","113258"
"Image","https://nmgtechnologies.com/blog/tag/growth","https://nmgtechnologies.com/hubfs/schedule-call.png","113258"
"Image","https://nmgtechnologies.com/blog/tag/mobile","https://nmgtechnologies.com/hubfs/schedule-call.png","113258"
"Image","https://nmgtechnologies.com/success-stories/competiscan","https://nmgtechnologies.com/hubfs/schedule-call.png","113258"
"Image","https://nmgtechnologies.com/clients/case-studies/","https://nmgtechnologies.com/hubfs/schedule-call.png","113258"
"Image","https://nmgtechnologies.com/success-stories/atlys-case-study","https://nmgtechnologies.com/hubfs/schedule-call.png","113258"
"Image","https://nmgtechnologies.com/success-stories/compound-banc","https://nmgtechnologies.com/hubfs/schedule-call.png","113258"
"Image","https://nmgtechnologies.com/success-stories/international-insurance","https://nmgtechnologies.com/hubfs/schedule-call.png","113258"
"Image","https://nmgtechnologies.com/success-stories/wealth-concert","https://nmgtechnologies.com/hubfs/schedule-call.png","113258"
"Image","https://nmgtechnologies.com/blog/tag/marketing","https://nmgtechnologies.com/hubfs/schedule-call.png","113258"
"Image","https://nmgtechnologies.com/blog/tag/search-engine-optimization","https://nmgtechnologies.com/hubfs/schedule-call.png","113258"
"Image","https://nmgtechnologies.com/blog/tag/events/page/2","https://nmgtechnologies.com/hubfs/schedule-call.png","113258"
"Image","https://nmgtechnologies.com/services/mobile-application-development/enterprise-mobility/","https://nmgtechnologies.com/hubfs/koora-break-banner.png","388517"
"Image","https://nmgtechnologies.com/wordpress-development","https://nmgtechnologies.com/hubfs/koora-break-banner.png","388517"
"Image","https://nmgtechnologies.com/solution/portals/","https://nmgtechnologies.com/hubfs/koora-break-banner.png","388517"
"Image","https://nmgtechnologies.com/solution/fintech/","https://nmgtechnologies.com/hubfs/koora-break-banner.png","388517"
"Image","https://nmgtechnologies.com/services/web-development","https://nmgtechnologies.com/hubfs/koora-break-banner.png","388517"
"Image","https://nmgtechnologies.com/ai-driven-enterprise-software-development","https://nmgtechnologies.com/hubfs/koora-break-banner.png","388517"
"Image","https://nmgtechnologies.com/solution/artificial-intelligence/","https://nmgtechnologies.com/hubfs/koora-break-banner.png","388517"
"Image","https://nmgtechnologies.com/ai-machine-learning-solutions","https://nmgtechnologies.com/hubfs/koora-break-banner.png","388517"
"Image","https://nmgtechnologies.com/solution/cloud-apps/","https://nmgtechnologies.com/hubfs/koora-break-banner.png","388517"
"Image","https://nmgtechnologies.com/services/mobile-application-development/android-app-development","https://nmgtechnologies.com/hubfs/koora-break-banner.png","388517"
"Image","https://nmgtechnologies.com/services/dedicated-team-setups/","https://nmgtechnologies.com/hubfs/koora-break-banner.png","388517"
"Image","https://nmgtechnologies.com/services/mobile-application-development/ios-app-development/","https://nmgtechnologies.com/hubfs/koora-break-banner.png","388517"
"Image","https://nmgtechnologies.com/ai-enhanced-web-mobile-application-development","https://nmgtechnologies.com/hubfs/koora-break-banner.png","388517"
"Image","https://nmgtechnologies.com/services/shopify","https://nmgtechnologies.com/hubfs/koora-break-banner.png","388517"
"Image","https://nmgtechnologies.com/services/custom-software-development/php-development/","https://nmgtechnologies.com/hubfs/koora-break-banner.png","388517"
"Image","https://nmgtechnologies.com/services/ecommerce-development/magento-development/","https://nmgtechnologies.com/hubfs/koora-break-banner.png","388517"
"Image","https://nmgtechnologies.com/services/it-consulting/","https://nmgtechnologies.com/hubfs/koora-break-banner.png","388517"
"Image","https://nmgtechnologies.com/agentic-ai","https://nmgtechnologies.com/hubfs/koora-break-banner.png","388517"
"Image","https://nmgtechnologies.com/services/ecommerce-development/","https://nmgtechnologies.com/hubfs/koora-break-banner.png","388517"
"Image","https://nmgtechnologies.com/services/custom-software-development/saas-development/","https://nmgtechnologies.com/hubfs/koora-break-banner.png","388517"
"Image","https://nmgtechnologies.com/ai-strategy-implementation-consulting","https://nmgtechnologies.com/hubfs/koora-break-banner.png","388517"
"Image","https://nmgtechnologies.com/services/erp-development","https://nmgtechnologies.com/hubfs/koora-break-banner.png","388517"
"Image","https://nmgtechnologies.com/solution/internet-of-things/","https://nmgtechnologies.com/hubfs/koora-break-banner.png","388517"
"Image","https://nmgtechnologies.com/solution/blockchain","https://nmgtechnologies.com/hubfs/koora-break-banner.png","388517"
"Image","https://nmgtechnologies.com/blog","https://nmgtechnologies.com/hubfs/koora-break-banner.png","388517"
"Image","https://nmgtechnologies.com/ai-powered-saas-development","https://nmgtechnologies.com/hubfs/koora-break-banner.png","388517"
"Image","https://nmgtechnologies.com/ai-optimized-ecommerce-solutions","https://nmgtechnologies.com/hubfs/koora-break-banner.png","388517"
"Image","https://nmgtechnologies.com/ai-driven-business-transformation-consulting","https://nmgtechnologies.com/hubfs/koora-break-banner.png","388517"
"Image","https://nmgtechnologies.com/services/custom-software-development/","https://nmgtechnologies.com/hubfs/koora-break-banner.png","388517"
"Image","https://nmgtechnologies.com/ai-driven-devops-cloud-automation","https://nmgtechnologies.com/hubfs/koora-break-banner.png","388517"
"Image","https://nmgtechnologies.com/ai-powered-business-process-transformation","https://nmgtechnologies.com/hubfs/koora-break-banner.png","388517"
"Image","https://nmgtechnologies.com/services/crm-development","https://nmgtechnologies.com/hubfs/koora-break-banner.png","388517"
"Image","https://nmgtechnologies.com/services/mobile-application-development","https://nmgtechnologies.com/hubfs/koora-break-banner.png","388517"
"Image","https://nmgtechnologies.com/services/user-interface-design/","https://nmgtechnologies.com/hubfs/koora-break-banner.png","388517"
"Image","https://nmgtechnologies.com/services/mobile-application-development/tablet-app-development/","https://nmgtechnologies.com/hubfs/koora-break-banner.png","388517"
"Image","https://nmgtechnologies.com/services/user-interface-design/mobile-design/","https://nmgtechnologies.com/hubfs/koora-break-banner.png","388517"
"Image","https://nmgtechnologies.com/solution/augmented-reality/","https://nmgtechnologies.com/hubfs/koora-break-banner.png","388517"
"Image","https://nmgtechnologies.com/services/user-interface-design/web-design/","https://nmgtechnologies.com/hubfs/koora-break-banner.png","388517"
"Image","https://nmgtechnologies.com/services/custom-software-development/aspnet-development/","https://nmgtechnologies.com/hubfs/koora-break-banner.png","388517"
"Image","https://nmgtechnologies.com/blog/tag/mobile","https://nmgtechnologies.com/hubfs/koora-break-banner.png","388517"
"Image","https://nmgtechnologies.com/services/mobile-application-development/enterprise-mobility/","https://nmgtechnologies.com/hubfs/softwave-banner-blog.jpg","105311"
"Image","https://nmgtechnologies.com/wordpress-development","https://nmgtechnologies.com/hubfs/softwave-banner-blog.jpg","105311"
"Image","https://nmgtechnologies.com/solution/portals/","https://nmgtechnologies.com/hubfs/softwave-banner-blog.jpg","105311"
"Image","https://nmgtechnologies.com/solution/fintech/","https://nmgtechnologies.com/hubfs/softwave-banner-blog.jpg","105311"
"Image","https://nmgtechnologies.com/services/web-development","https://nmgtechnologies.com/hubfs/softwave-banner-blog.jpg","105311"
"Image","https://nmgtechnologies.com/blog/tag/events","https://nmgtechnologies.com/hubfs/softwave-banner-blog.jpg","105311"
"Image","https://nmgtechnologies.com/ai-driven-enterprise-software-development","https://nmgtechnologies.com/hubfs/softwave-banner-blog.jpg","105311"
"Image","https://nmgtechnologies.com/solution/artificial-intelligence/","https://nmgtechnologies.com/hubfs/softwave-banner-blog.jpg","105311"
"Image","https://nmgtechnologies.com/ai-machine-learning-solutions","https://nmgtechnologies.com/hubfs/softwave-banner-blog.jpg","105311"
"Image","https://nmgtechnologies.com/solution/cloud-apps/","https://nmgtechnologies.com/hubfs/softwave-banner-blog.jpg","105311"
"Image","https://nmgtechnologies.com/services/mobile-application-development/android-app-development","https://nmgtechnologies.com/hubfs/softwave-banner-blog.jpg","105311"
"Image","https://nmgtechnologies.com/services/dedicated-team-setups/","https://nmgtechnologies.com/hubfs/softwave-banner-blog.jpg","105311"
"Image","https://nmgtechnologies.com/services/mobile-application-development/ios-app-development/","https://nmgtechnologies.com/hubfs/softwave-banner-blog.jpg","105311"
"Image","https://nmgtechnologies.com/ai-enhanced-web-mobile-application-development","https://nmgtechnologies.com/hubfs/softwave-banner-blog.jpg","105311"
"Image","https://nmgtechnologies.com/services/shopify","https://nmgtechnologies.com/hubfs/softwave-banner-blog.jpg","105311"
"Image","https://nmgtechnologies.com/services/custom-software-development/php-development/","https://nmgtechnologies.com/hubfs/softwave-banner-blog.jpg","105311"
"Image","https://nmgtechnologies.com/services/ecommerce-development/magento-development/","https://nmgtechnologies.com/hubfs/softwave-banner-blog.jpg","105311"
"Image","https://nmgtechnologies.com/services/it-consulting/","https://nmgtechnologies.com/hubfs/softwave-banner-blog.jpg","105311"
"Image","https://nmgtechnologies.com/agentic-ai","https://nmgtechnologies.com/hubfs/softwave-banner-blog.jpg","105311"
"Image","https://nmgtechnologies.com/services/ecommerce-development/","https://nmgtechnologies.com/hubfs/softwave-banner-blog.jpg","105311"
"Image","https://nmgtechnologies.com/services/custom-software-development/saas-development/","https://nmgtechnologies.com/hubfs/softwave-banner-blog.jpg","105311"
"Image","https://nmgtechnologies.com/ai-strategy-implementation-consulting","https://nmgtechnologies.com/hubfs/softwave-banner-blog.jpg","105311"
"Image","https://nmgtechnologies.com/services/erp-development","https://nmgtechnologies.com/hubfs/softwave-banner-blog.jpg","105311"
"Image","https://nmgtechnologies.com/solution/internet-of-things/","https://nmgtechnologies.com/hubfs/softwave-banner-blog.jpg","105311"
"Image","https://nmgtechnologies.com/solution/blockchain","https://nmgtechnologies.com/hubfs/softwave-banner-blog.jpg","105311"
"Image","https://nmgtechnologies.com/blog","https://nmgtechnologies.com/hubfs/softwave-banner-blog.jpg","105311"
"Image","https://nmgtechnologies.com/ai-powered-saas-development","https://nmgtechnologies.com/hubfs/softwave-banner-blog.jpg","105311"
"Image","https://nmgtechnologies.com/ai-optimized-ecommerce-solutions","https://nmgtechnologies.com/hubfs/softwave-banner-blog.jpg","105311"
"Image","https://nmgtechnologies.com/ai-driven-business-transformation-consulting","https://nmgtechnologies.com/hubfs/softwave-banner-blog.jpg","105311"
"Image","https://nmgtechnologies.com/services/custom-software-development/","https://nmgtechnologies.com/hubfs/softwave-banner-blog.jpg","105311"
"Image","https://nmgtechnologies.com/ai-driven-devops-cloud-automation","https://nmgtechnologies.com/hubfs/softwave-banner-blog.jpg","105311"
"Image","https://nmgtechnologies.com/ai-powered-business-process-transformation","https://nmgtechnologies.com/hubfs/softwave-banner-blog.jpg","105311"
"Image","https://nmgtechnologies.com/services/crm-development","https://nmgtechnologies.com/hubfs/softwave-banner-blog.jpg","105311"
"Image","https://nmgtechnologies.com/services/mobile-application-development","https://nmgtechnologies.com/hubfs/softwave-banner-blog.jpg","105311"
"Image","https://nmgtechnologies.com/services/user-interface-design/","https://nmgtechnologies.com/hubfs/softwave-banner-blog.jpg","105311"
"Image","https://nmgtechnologies.com/services/mobile-application-development/tablet-app-development/","https://nmgtechnologies.com/hubfs/softwave-banner-blog.jpg","105311"
"Image","https://nmgtechnologies.com/services/user-interface-design/mobile-design/","https://nmgtechnologies.com/hubfs/softwave-banner-blog.jpg","105311"
"Image","https://nmgtechnologies.com/solution/augmented-reality/","https://nmgtechnologies.com/hubfs/softwave-banner-blog.jpg","105311"
"Image","https://nmgtechnologies.com/services/user-interface-design/web-design/","https://nmgtechnologies.com/hubfs/softwave-banner-blog.jpg","105311"
"Image","https://nmgtechnologies.com/services/custom-software-development/aspnet-development/","https://nmgtechnologies.com/hubfs/softwave-banner-blog.jpg","105311"
"Image","https://nmgtechnologies.com/blog/author/nishtha","https://nmgtechnologies.com/hubfs/softwave-banner-blog.jpg","105311"
"Image","https://nmgtechnologies.com/services/mobile-application-development/enterprise-mobility/","https://nmgtechnologies.com/hs-fs/hubfs/travel.jpg?width=600&height=400&name=travel.jpg","111885"
"Image","https://nmgtechnologies.com/wordpress-development","https://nmgtechnologies.com/hs-fs/hubfs/travel.jpg?width=600&height=400&name=travel.jpg","111885"
"Image","https://nmgtechnologies.com/services/web-development","https://nmgtechnologies.com/hs-fs/hubfs/travel.jpg?width=600&height=400&name=travel.jpg","111885"
"Image","https://nmgtechnologies.com/services/mobile-application-development/android-app-development","https://nmgtechnologies.com/hs-fs/hubfs/travel.jpg?width=600&height=400&name=travel.jpg","111885"
"Image","https://nmgtechnologies.com/services/ecommerce-development/magento-development/","https://nmgtechnologies.com/hs-fs/hubfs/travel.jpg?width=600&height=400&name=travel.jpg","111885"
"Image","https://nmgtechnologies.com/services/erp-development","https://nmgtechnologies.com/hs-fs/hubfs/travel.jpg?width=600&height=400&name=travel.jpg","111885"
"Image","https://nmgtechnologies.com/solution/blockchain","https://nmgtechnologies.com/hs-fs/hubfs/travel.jpg?width=600&height=400&name=travel.jpg","111885"
"Image","https://nmgtechnologies.com/services/custom-software-development/","https://nmgtechnologies.com/hs-fs/hubfs/travel.jpg?width=600&height=400&name=travel.jpg","111885"
"Image","https://nmgtechnologies.com/services/mobile-application-development","https://nmgtechnologies.com/hs-fs/hubfs/travel.jpg?width=600&height=400&name=travel.jpg","111885"
"Image","https://nmgtechnologies.com/services/mobile-application-development/tablet-app-development/","https://nmgtechnologies.com/hs-fs/hubfs/travel.jpg?width=600&height=400&name=travel.jpg","111885"
"Image","https://nmgtechnologies.com/services/user-interface-design/web-design/","https://nmgtechnologies.com/hs-fs/hubfs/travel.jpg?width=600&height=400&name=travel.jpg","111885"
"Image","https://nmgtechnologies.com/resources/library/","https://nmgtechnologies.com/hs-fs/hubfs/epic-mobile.png?width=400&height=218&name=epic-mobile.png","108609"
"Image","https://nmgtechnologies.com/blog/nmg-technologies-to-participate-in-mobile-word-capital-barcelona-the-worlds-largest-and-most-influential-connectivity-event","https://nmgtechnologies.com/hubfs/nmg%20logo.png","228034"
"Image","https://nmgtechnologies.com/blog/nmg-to-participate-in-the-largest-tech-expo-in-the-middle-east-gitex-global-2023-dubai","https://nmgtechnologies.com/hubfs/nmg%20logo.png","228034"
"Image","https://nmgtechnologies.com/blog/working-from-home-during-the-coronavirus-lockdown","https://nmgtechnologies.com/hubfs/nmg%20logo.png","228034"
"Image","https://nmgtechnologies.com/blog/nmg-technologies-participated-in-softwave-2023-the-republic-of-korea-software-exhibition","https://nmgtechnologies.com/hubfs/nmg%20logo.png","228034"
"Image","https://nmgtechnologies.com/blog/why-does-enterprise-mobility-solutions-become-so-popular","https://nmgtechnologies.com/hubfs/nmg%20logo.png","228034"
"Image","https://nmgtechnologies.com/blog/covid-19-resources","https://nmgtechnologies.com/hubfs/nmg%20logo.png","228034"
"Image","https://nmgtechnologies.com/blog/stay-ahead-of-the-game-with-koora-break-your-ultimate-companion-for-football-updates","https://nmgtechnologies.com/hubfs/nmg%20logo.png","228034"
"Image","https://nmgtechnologies.com/blog/wordpress-website-perfect-solution-small-business","https://nmgtechnologies.com/hubfs/nmg%20logo.png","228034"
"Image","https://nmgtechnologies.com/blog/top-wordpress-themes","https://nmgtechnologies.com/hubfs/nmg%20logo.png","228034"
"Image","https://nmgtechnologies.com/blog/nmg-to-participate-in-the-largest-tech-expo-in-the-middle-east-gitex-global-2022-dubai","https://nmgtechnologies.com/hubfs/nmg%20logo.png","228034"
"Image","https://nmgtechnologies.com/blog/nmg-technologies-to-participate-in-retail-innovation-conference-and-expo-2023-in-chicago","https://nmgtechnologies.com/hubfs/nmg%20logo.png","228034"
"Image","https://nmgtechnologies.com/blog/nmg-technologies-to-sponsor-and-exhibit-at-brighton-seo-2023-and-online-pr-show-2023","https://nmgtechnologies.com/hubfs/nmg%20logo.png","228034"
"Image","https://nmgtechnologies.com/blog/nmg-technologies-to-participate-in-leap-2023-tech-conference-in-riyadh-saudi-arabia","https://nmgtechnologies.com/hubfs/nmg%20logo.png","228034"
"Image","https://nmgtechnologies.com/blog/sempo-hangouts-session-user-experience","https://nmgtechnologies.com/hubfs/nmg%20logo.png","228034"
"Image","https://nmgtechnologies.com/blog/startup-india-event-2016-key-highlights","https://nmgtechnologies.com/hubfs/nmg%20logo.png","228034"
"Image","https://nmgtechnologies.com/blog/advantages-of-asp-net-core","https://nmgtechnologies.com/hubfs/nmg%20logo.png","228034"
"Image","https://nmgtechnologies.com/blog/nmg-technologies-made-list-top-mobile-app-development-companies-goodfirms","https://nmgtechnologies.com/hubfs/nmg%20logo.png","228034"
"Image","https://nmgtechnologies.com/blog/best-practices-offshore-software-development","https://nmgtechnologies.com/hubfs/nmg%20logo.png","228034"
"Image","https://nmgtechnologies.com/blog/ui-ux-mobile-app-development","https://nmgtechnologies.com/hubfs/nmg%20logo.png","228034"
"Image","https://nmgtechnologies.com/blog/wireframes-mobile-app-development","https://nmgtechnologies.com/hubfs/nmg%20logo.png","228034"
"Image","https://nmgtechnologies.com/blog/how-to-build-an-app-like-uber","https://nmgtechnologies.com/hubfs/nmg%20logo.png","228034"
"Image","https://nmgtechnologies.com/blog/tag/events","https://nmgtechnologies.com/hubfs/MicrosoftTeams-image%20(82).png","636381"
"Image","https://nmgtechnologies.com/blog","https://nmgtechnologies.com/hubfs/MicrosoftTeams-image%20(82).png","636381"
"Image","https://nmgtechnologies.com/blog/author/nishtha","https://nmgtechnologies.com/hubfs/MicrosoftTeams-image%20(82).png","636381"
"Image","https://nmgtechnologies.com/blog/tag/events","https://nmgtechnologies.com/hubfs/Startup-India-Event-2016-–-Key-Highlights_.jpg","449673"
"Image","https://nmgtechnologies.com/blog/tag/events","https://nmgtechnologies.com/hubfs/SEMPO-Hangouts-Session-–-Web-Design-and-User-Experience.png","539349"
"Image","https://nmgtechnologies.com/blog/tag/events","https://nmgtechnologies.com/hubfs/retail-innovation-1.png","210055"
"Image","https://nmgtechnologies.com/blog","https://nmgtechnologies.com/hubfs/retail-innovation-1.png","210055"
"Image","https://nmgtechnologies.com/blog/author/nishtha","https://nmgtechnologies.com/hubfs/retail-innovation-1.png","210055"
"Image","https://nmgtechnologies.com/blog/tag/events","https://nmgtechnologies.com/hubfs/leap-2023.jpg","383146"
"Image","https://nmgtechnologies.com/blog","https://nmgtechnologies.com/hubfs/leap-2023.jpg","383146"
"Image","https://nmgtechnologies.com/blog/author/nishtha","https://nmgtechnologies.com/hubfs/leap-2023.jpg","383146"
"Image","https://nmgtechnologies.com/blog/tag/events","https://nmgtechnologies.com/hubfs/hero-banner.png","190687"
"Image","https://nmgtechnologies.com/blog","https://nmgtechnologies.com/hubfs/hero-banner.png","190687"
"Image","https://nmgtechnologies.com/blog/author/nishtha","https://nmgtechnologies.com/hubfs/hero-banner.png","190687"
"Image","https://nmgtechnologies.com/industry/marketresearch","https://nmgtechnologies.com/hs-fs/hubfs/competiscan-screen1-2.png?width=470&height=568&name=competiscan-screen1-2.png","172362"
"Image","https://nmgtechnologies.com/company/process/","https://nmgtechnologies.com/hubfs/process-img2.png","115531"
"Image","https://nmgtechnologies.com/contact-us","https://nmgtechnologies.com/hubfs/website-images/contact-right-img.png","163869"
"Image","https://nmgtechnologies.com/services/custom-software-development/php-development/","https://nmgtechnologies.com/hs-fs/hubfs/service-pic.jpg?width=692&height=837&name=service-pic.jpg","191873"
"Image","https://nmgtechnologies.com/services/user-interface-design/","https://nmgtechnologies.com/hs-fs/hubfs/service-pic.jpg?width=692&height=837&name=service-pic.jpg","191873"
"Image","https://nmgtechnologies.com/services/mobile-application-development/ios-app-development/","https://nmgtechnologies.com/hs-fs/hubfs/Dedicated%20Team%20Setup.png?width=1400&height=1400&name=Dedicated%20Team%20Setup.png","2359540"
"Image","https://nmgtechnologies.com/services/ecommerce-development/","https://nmgtechnologies.com/hs-fs/hubfs/Dedicated%20Team%20Setup.png?width=1400&height=1400&name=Dedicated%20Team%20Setup.png","2359540"
"Image","https://nmgtechnologies.com/solution/internet-of-things/","https://nmgtechnologies.com/hs-fs/hubfs/Dedicated%20Team%20Setup.png?width=1400&height=1400&name=Dedicated%20Team%20Setup.png","2359540"
"Image","https://nmgtechnologies.com/services/user-interface-design/","https://nmgtechnologies.com/hs-fs/hubfs/Dedicated%20Team%20Setup.png?width=1400&height=1400&name=Dedicated%20Team%20Setup.png","2359540"
"Image","https://nmgtechnologies.com/industry/travel","https://nmgtechnologies.com/hs-fs/hubfs/atlys-screen3.png?width=443&height=536&name=atlys-screen3.png","139852"
"Image","https://nmgtechnologies.com/get-custom-pricing","https://nmgtechnologies.com/hubfs/empowering-pic.png","125235"
"Image","https://nmgtechnologies.com/get-custom-pricing","https://nmgtechnologies.com/hubfs/website-images/plane-image.png","140216"
"Image","https://nmgtechnologies.com/industry/fintech","https://nmgtechnologies.com/hubfs/Internationalcitizensinsurance.jpg","272486"
"Image","https://nmgtechnologies.com/industry/fintech","https://nmgtechnologies.com/hubfs/choice-bg.jpg","167467"
"Image","https://nmgtechnologies.com/industry/fintech","https://nmgtechnologies.com/hubfs/choice-bg.jpg","167467"
"Image","https://nmgtechnologies.com/industry/staffing","https://nmgtechnologies.com/hubfs/choice-bg.jpg","167467"
"Image","https://nmgtechnologies.com/industry/staffing","https://nmgtechnologies.com/hubfs/choice-bg.jpg","167467"
"Image","https://nmgtechnologies.com/industry/staffing","https://nmgtechnologies.com/hubfs/choice-bg.jpg","167467"
"Image","https://nmgtechnologies.com/industry/edtech","https://nmgtechnologies.com/hubfs/choice-bg.jpg","167467"
"Image","https://nmgtechnologies.com/industry/edtech","https://nmgtechnologies.com/hubfs/choice-bg.jpg","167467"
"Image","https://nmgtechnologies.com/industry/edtech","https://nmgtechnologies.com/hubfs/choice-bg.jpg","167467"
"Image","https://nmgtechnologies.com/industry/edtech","https://nmgtechnologies.com/hubfs/choice-bg.jpg","167467"
"Image","https://nmgtechnologies.com/industry/edtech","https://nmgtechnologies.com/hubfs/choice-bg.jpg","167467"
"Image","https://nmgtechnologies.com/industry/fintech","https://nmgtechnologies.com/hubfs/about-banner%20(1).webp","457936"
"Image","https://nmgtechnologies.com/industry/fintech","https://nmgtechnologies.com/hubfs/about-banner%20(1).webp","457936"
"Image","https://nmgtechnologies.com/industry/fintech","https://nmgtechnologies.com/hubfs/about-banner%20(1).webp","457936"
"Image","https://nmgtechnologies.com/industry/fintech","https://nmgtechnologies.com/hubfs/about-banner%20(1).webp","457936"
"Image","https://nmgtechnologies.com/industry/fintech","https://nmgtechnologies.com/hubfs/about-banner%20(1).webp","457936"
"Image","https://nmgtechnologies.com/industry/fintech","https://nmgtechnologies.com/hubfs/about-banner%20(1).webp","457936"
"Image","https://nmgtechnologies.com/industry/travel","https://nmgtechnologies.com/hubfs/about-banner%20(1).webp","457936"
"Image","https://nmgtechnologies.com/industry/travel","https://nmgtechnologies.com/hubfs/about-banner%20(1).webp","457936"
"Image","https://nmgtechnologies.com/industry/staffing","https://nmgtechnologies.com/hubfs/about-banner%20(1).webp","457936"
"Image","https://nmgtechnologies.com/industry/staffing","https://nmgtechnologies.com/hubfs/about-banner%20(1).webp","457936"
"Image","https://nmgtechnologies.com/industry/staffing","https://nmgtechnologies.com/hubfs/about-banner%20(1).webp","457936"
"Image","https://nmgtechnologies.com/industry/staffing","https://nmgtechnologies.com/hubfs/about-banner%20(1).webp","457936"
"Image","https://nmgtechnologies.com/industry/staffing","https://nmgtechnologies.com/hubfs/about-banner%20(1).webp","457936"
"Image","https://nmgtechnologies.com/industry/staffing","https://nmgtechnologies.com/hubfs/about-banner%20(1).webp","457936"
"Image","https://nmgtechnologies.com/industry/staffing","https://nmgtechnologies.com/hubfs/about-banner%20(1).webp","457936"
"Image","https://nmgtechnologies.com/industry/staffing","https://nmgtechnologies.com/hubfs/about-banner%20(1).webp","457936"
"Image","https://nmgtechnologies.com/industry/staffing","https://nmgtechnologies.com/hubfs/about-banner%20(1).webp","457936"
"Image","https://nmgtechnologies.com/industry/edtech","https://nmgtechnologies.com/hubfs/about-banner%20(1).webp","457936"
"Image","https://nmgtechnologies.com/industry/edtech","https://nmgtechnologies.com/hubfs/about-banner%20(1).webp","457936"
"Image","https://nmgtechnologies.com/industry/edtech","https://nmgtechnologies.com/hubfs/about-banner%20(1).webp","457936"
"Image","https://nmgtechnologies.com/industry/edtech","https://nmgtechnologies.com/hubfs/about-banner%20(1).webp","457936"
"Image","https://nmgtechnologies.com/industry/edtech","https://nmgtechnologies.com/hubfs/about-banner%20(1).webp","457936"
"Image","https://nmgtechnologies.com/industry/edtech","https://nmgtechnologies.com/hubfs/about-banner%20(1).webp","457936"
"Image","https://nmgtechnologies.com/industry/edtech","https://nmgtechnologies.com/hubfs/about-banner%20(1).webp","457936"
"Image","https://nmgtechnologies.com/industry/edtech","https://nmgtechnologies.com/hubfs/about-banner%20(1).webp","457936"
"Image","https://nmgtechnologies.com/industry/edtech","https://nmgtechnologies.com/hubfs/about-banner%20(1).webp","457936"
"Image","https://nmgtechnologies.com/industry/edtech","https://nmgtechnologies.com/hubfs/about-banner%20(1).webp","457936"
"Image","https://nmgtechnologies.com/industry/edtech","https://nmgtechnologies.com/hubfs/about-banner%20(1).webp","457936"
