"Type","Source","Destination","Size (Bytes)","Alt Text","Anchor","Status Code","Status","Follow","Target","Rel","Path Type","Link Path","Link Position","Link Origin"
"Hyperlink","https://nmgtechnologies.com/","https://nmgtechnologies.com/ai-driven-business-transformation-consulting","135208","","Read More","200","OK","true","","","Absolute","//body/div[2]/main/div/div/div/div/div[6]/div/div[1]/div[2]/div/div/div/a","Content","HTML"
"Hyperlink","https://nmgtechnologies.com/","https://nmgtechnologies.com/ai-strategy-implementation-consulting","136163","","Read More","200","OK","true","","","Absolute","//body/div[2]/main/div/div/div/div/div[6]/div/div[2]/div[2]/div/div/div/a","Content","HTML"
"Hyperlink","https://nmgtechnologies.com/","https://nmgtechnologies.com/ai-powered-business-process-transformation","135616","","Read More","200","OK","true","","","Absolute","//body/div[2]/main/div/div/div/div/div[6]/div/div[3]/div[2]/div/div/div/a","Content","HTML"
"Hyperlink","https://nmgtechnologies.com/","https://nmgtechnologies.com/ai-driven-enterprise-software-development","135127","","Read More","200","OK","true","","","Absolute","//body/div[2]/main/div/div/div/div/div[7]/div/div[1]/div[2]/div/div/div/a","Content","HTML"
"Hyperlink","https://nmgtechnologies.com/","https://nmgtechnologies.com/ai-machine-learning-solutions","135575","","Read More","200","OK","true","","","Absolute","//body/div[2]/main/div/div/div/div/div[7]/div/div[2]/div[2]/div/div/div/a","Content","HTML"
"Hyperlink","https://nmgtechnologies.com/","https://nmgtechnologies.com/ai-powered-saas-development","135841","","Read More","200","OK","true","","","Absolute","//body/div[2]/main/div/div/div/div/div[7]/div/div[3]/div[2]/div/div/div/a","Content","HTML"
"Hyperlink","https://nmgtechnologies.com/","https://nmgtechnologies.com/ai-driven-enterprise-software-development","135127","","Read More","200","OK","true","","","Absolute","//body/div[2]/main/div/div/div/div/div[8]/div/div[1]/div[2]/div/div/div/a","Content","HTML"
"Hyperlink","https://nmgtechnologies.com/","https://nmgtechnologies.com/ai-optimized-ecommerce-solutions","134917","","Read More","200","OK","true","","","Absolute","//body/div[2]/main/div/div/div/div/div[8]/div/div[2]/div[2]/div/div/div/a","Content","HTML"
"Hyperlink","https://nmgtechnologies.com/","https://nmgtechnologies.com/ai-driven-devops-cloud-automation","136407","","Read More","200","OK","true","","","Absolute","//body/div[2]/main/div/div/div/div/div[8]/div/div[3]/div[2]/div/div/div/a","Content","HTML"
"Hyperlink","https://nmgtechnologies.com/services/mobile-application-development/enterprise-mobility/","https://nmgtechnologies.com/blog/stay-ahead-of-the-game-with-koora-break-your-ultimate-companion-for-football-updates","62707","","Read More","200","OK","true","","","Absolute","//body/div[2]/main/div/div/div/div/div[18]/div/div/div[2]/div/div/div/div[@class='wrapper']/div/div[@class='blog-post'][1]/div/a","Content","HTML"
"Hyperlink","https://nmgtechnologies.com/services/mobile-application-development/enterprise-mobility/","https://nmgtechnologies.com/blog/nmg-technologies-to-participate-in-mobile-word-capital-barcelona-the-worlds-largest-and-most-influential-connectivity-event","64058","","Read More","200","OK","true","","","Absolute","//body/div[2]/main/div/div/div/div/div[18]/div/div/div[2]/div/div/div/div[@class='wrapper']/div/div[@class='blog-post'][2]/div/a","Content","HTML"
"Hyperlink","https://nmgtechnologies.com/services/mobile-application-development/enterprise-mobility/","https://nmgtechnologies.com/blog/nmg-technologies-participated-in-softwave-2023-the-republic-of-korea-software-exhibition","63783","","Read More","200","OK","true","","","Absolute","//body/div[2]/main/div/div/div/div/div[18]/div/div/div[2]/div/div/div/div[@class='wrapper']/div/div[@class='blog-post'][3]/div/a","Content","HTML"
"Hyperlink","https://nmgtechnologies.com/wordpress-development","https://nmgtechnologies.com/blog/stay-ahead-of-the-game-with-koora-break-your-ultimate-companion-for-football-updates","62707","","Read More","200","OK","true","","","Absolute","//body/div[2]/main/div/div/div/div/div[18]/div/div/div[2]/div/div/div/div[@class='wrapper']/div/div[@class='blog-post'][1]/div/a","Content","HTML"
"Hyperlink","https://nmgtechnologies.com/wordpress-development","https://nmgtechnologies.com/blog/nmg-technologies-to-participate-in-mobile-word-capital-barcelona-the-worlds-largest-and-most-influential-connectivity-event","64058","","Read More","200","OK","true","","","Absolute","//body/div[2]/main/div/div/div/div/div[18]/div/div/div[2]/div/div/div/div[@class='wrapper']/div/div[@class='blog-post'][2]/div/a","Content","HTML"
"Hyperlink","https://nmgtechnologies.com/wordpress-development","https://nmgtechnologies.com/blog/nmg-technologies-participated-in-softwave-2023-the-republic-of-korea-software-exhibition","63783","","Read More","200","OK","true","","","Absolute","//body/div[2]/main/div/div/div/div/div[18]/div/div/div[2]/div/div/div/div[@class='wrapper']/div/div[@class='blog-post'][3]/div/a","Content","HTML"
"Hyperlink","https://nmgtechnologies.com/solution/portals/","https://nmgtechnologies.com/blog/stay-ahead-of-the-game-with-koora-break-your-ultimate-companion-for-football-updates","62707","","Read More","200","OK","true","","","Absolute","//body/div[2]/main/div/div/div/div/div[19]/div/div/div[2]/div/div/div/div[@class='wrapper']/div/div[@class='blog-post'][1]/div/a","Content","HTML"
"Hyperlink","https://nmgtechnologies.com/solution/portals/","https://nmgtechnologies.com/blog/nmg-technologies-to-participate-in-mobile-word-capital-barcelona-the-worlds-largest-and-most-influential-connectivity-event","64058","","Read More","200","OK","true","","","Absolute","//body/div[2]/main/div/div/div/div/div[19]/div/div/div[2]/div/div/div/div[@class='wrapper']/div/div[@class='blog-post'][2]/div/a","Content","HTML"
"Hyperlink","https://nmgtechnologies.com/solution/portals/","https://nmgtechnologies.com/blog/nmg-technologies-participated-in-softwave-2023-the-republic-of-korea-software-exhibition","63783","","Read More","200","OK","true","","","Absolute","//body/div[2]/main/div/div/div/div/div[19]/div/div/div[2]/div/div/div/div[@class='wrapper']/div/div[@class='blog-post'][3]/div/a","Content","HTML"
"Hyperlink","https://nmgtechnologies.com/solution/fintech/","https://nmgtechnologies.com/blog/stay-ahead-of-the-game-with-koora-break-your-ultimate-companion-for-football-updates","62707","","Read More","200","OK","true","","","Absolute","//body/div[2]/main/div/div/div/div/div[15]/div/div/div[2]/div/div/div/div[@class='wrapper']/div/div[@class='blog-post'][1]/div/a","Content","HTML"
"Hyperlink","https://nmgtechnologies.com/solution/fintech/","https://nmgtechnologies.com/blog/nmg-technologies-to-participate-in-mobile-word-capital-barcelona-the-worlds-largest-and-most-influential-connectivity-event","64058","","Read More","200","OK","true","","","Absolute","//body/div[2]/main/div/div/div/div/div[15]/div/div/div[2]/div/div/div/div[@class='wrapper']/div/div[@class='blog-post'][2]/div/a","Content","HTML"
"Hyperlink","https://nmgtechnologies.com/solution/fintech/","https://nmgtechnologies.com/blog/nmg-technologies-participated-in-softwave-2023-the-republic-of-korea-software-exhibition","63783","","Read More","200","OK","true","","","Absolute","//body/div[2]/main/div/div/div/div/div[15]/div/div/div[2]/div/div/div/div[@class='wrapper']/div/div[@class='blog-post'][3]/div/a","Content","HTML"
"Hyperlink","https://nmgtechnologies.com/services/web-development","https://nmgtechnologies.com/blog/stay-ahead-of-the-game-with-koora-break-your-ultimate-companion-for-football-updates","62707","","Read More","200","OK","true","","","Absolute","//body/div[2]/main/div/div/div/div/div[18]/div/div/div[2]/div/div/div/div[@class='wrapper']/div/div[@class='blog-post'][1]/div/a","Content","HTML"
"Hyperlink","https://nmgtechnologies.com/services/web-development","https://nmgtechnologies.com/blog/nmg-technologies-to-participate-in-mobile-word-capital-barcelona-the-worlds-largest-and-most-influential-connectivity-event","64058","","Read More","200","OK","true","","","Absolute","//body/div[2]/main/div/div/div/div/div[18]/div/div/div[2]/div/div/div/div[@class='wrapper']/div/div[@class='blog-post'][2]/div/a","Content","HTML"
"Hyperlink","https://nmgtechnologies.com/services/web-development","https://nmgtechnologies.com/blog/nmg-technologies-participated-in-softwave-2023-the-republic-of-korea-software-exhibition","63783","","Read More","200","OK","true","","","Absolute","//body/div[2]/main/div/div/div/div/div[18]/div/div/div[2]/div/div/div/div[@class='wrapper']/div/div[@class='blog-post'][3]/div/a","Content","HTML"
"Hyperlink","https://nmgtechnologies.com/ai-driven-enterprise-software-development","https://nmgtechnologies.com/blog/stay-ahead-of-the-game-with-koora-break-your-ultimate-companion-for-football-updates","62707","","Read More","200","OK","true","","","Absolute","//body/div[2]/main/div/div/div/div/div[17]/div/div/div[2]/div/div/div/div[@class='wrapper']/div/div[@class='blog-post'][1]/div/a","Content","HTML"
"Hyperlink","https://nmgtechnologies.com/ai-driven-enterprise-software-development","https://nmgtechnologies.com/blog/nmg-technologies-to-participate-in-mobile-word-capital-barcelona-the-worlds-largest-and-most-influential-connectivity-event","64058","","Read More","200","OK","true","","","Absolute","//body/div[2]/main/div/div/div/div/div[17]/div/div/div[2]/div/div/div/div[@class='wrapper']/div/div[@class='blog-post'][2]/div/a","Content","HTML"
"Hyperlink","https://nmgtechnologies.com/ai-driven-enterprise-software-development","https://nmgtechnologies.com/blog/nmg-technologies-participated-in-softwave-2023-the-republic-of-korea-software-exhibition","63783","","Read More","200","OK","true","","","Absolute","//body/div[2]/main/div/div/div/div/div[17]/div/div/div[2]/div/div/div/div[@class='wrapper']/div/div[@class='blog-post'][3]/div/a","Content","HTML"
"Hyperlink","https://nmgtechnologies.com/solution/artificial-intelligence/","https://nmgtechnologies.com/blog/stay-ahead-of-the-game-with-koora-break-your-ultimate-companion-for-football-updates","62707","","Read More","200","OK","true","","","Absolute","//body/div[2]/main/div/div/div/div/div[16]/div/div/div[2]/div/div/div/div[@class='wrapper']/div/div[@class='blog-post'][1]/div/a","Content","HTML"
"Hyperlink","https://nmgtechnologies.com/solution/artificial-intelligence/","https://nmgtechnologies.com/blog/nmg-technologies-to-participate-in-mobile-word-capital-barcelona-the-worlds-largest-and-most-influential-connectivity-event","64058","","Read More","200","OK","true","","","Absolute","//body/div[2]/main/div/div/div/div/div[16]/div/div/div[2]/div/div/div/div[@class='wrapper']/div/div[@class='blog-post'][2]/div/a","Content","HTML"
"Hyperlink","https://nmgtechnologies.com/solution/artificial-intelligence/","https://nmgtechnologies.com/blog/nmg-technologies-participated-in-softwave-2023-the-republic-of-korea-software-exhibition","63783","","Read More","200","OK","true","","","Absolute","//body/div[2]/main/div/div/div/div/div[16]/div/div/div[2]/div/div/div/div[@class='wrapper']/div/div[@class='blog-post'][3]/div/a","Content","HTML"
"Hyperlink","https://nmgtechnologies.com/ai-machine-learning-solutions","https://nmgtechnologies.com/blog/stay-ahead-of-the-game-with-koora-break-your-ultimate-companion-for-football-updates","62707","","Read More","200","OK","true","","","Absolute","//body/div[2]/main/div/div/div/div/div[17]/div/div/div[2]/div/div/div/div[@class='wrapper']/div/div[@class='blog-post'][1]/div/a","Content","HTML"
"Hyperlink","https://nmgtechnologies.com/ai-machine-learning-solutions","https://nmgtechnologies.com/blog/nmg-technologies-to-participate-in-mobile-word-capital-barcelona-the-worlds-largest-and-most-influential-connectivity-event","64058","","Read More","200","OK","true","","","Absolute","//body/div[2]/main/div/div/div/div/div[17]/div/div/div[2]/div/div/div/div[@class='wrapper']/div/div[@class='blog-post'][2]/div/a","Content","HTML"
"Hyperlink","https://nmgtechnologies.com/ai-machine-learning-solutions","https://nmgtechnologies.com/blog/nmg-technologies-participated-in-softwave-2023-the-republic-of-korea-software-exhibition","63783","","Read More","200","OK","true","","","Absolute","//body/div[2]/main/div/div/div/div/div[17]/div/div/div[2]/div/div/div/div[@class='wrapper']/div/div[@class='blog-post'][3]/div/a","Content","HTML"
"Hyperlink","https://nmgtechnologies.com/solution/cloud-apps/","https://nmgtechnologies.com/blog/stay-ahead-of-the-game-with-koora-break-your-ultimate-companion-for-football-updates","62707","","Read More","200","OK","true","","","Absolute","//body/div[2]/main/div/div/div/div/div[16]/div/div/div[2]/div/div/div/div[@class='wrapper']/div/div[@class='blog-post'][1]/div/a","Content","HTML"
"Hyperlink","https://nmgtechnologies.com/solution/cloud-apps/","https://nmgtechnologies.com/blog/nmg-technologies-to-participate-in-mobile-word-capital-barcelona-the-worlds-largest-and-most-influential-connectivity-event","64058","","Read More","200","OK","true","","","Absolute","//body/div[2]/main/div/div/div/div/div[16]/div/div/div[2]/div/div/div/div[@class='wrapper']/div/div[@class='blog-post'][2]/div/a","Content","HTML"
"Hyperlink","https://nmgtechnologies.com/solution/cloud-apps/","https://nmgtechnologies.com/blog/nmg-technologies-participated-in-softwave-2023-the-republic-of-korea-software-exhibition","63783","","Read More","200","OK","true","","","Absolute","//body/div[2]/main/div/div/div/div/div[16]/div/div/div[2]/div/div/div/div[@class='wrapper']/div/div[@class='blog-post'][3]/div/a","Content","HTML"
"Hyperlink","https://nmgtechnologies.com/services/mobile-application-development/android-app-development","https://nmgtechnologies.com/blog/stay-ahead-of-the-game-with-koora-break-your-ultimate-companion-for-football-updates","62707","","Read More","200","OK","true","","","Absolute","//body/div[2]/main/div/div/div/div/div[23]/div/div/div[2]/div/div/div/div[@class='wrapper']/div/div[@class='blog-post'][1]/div/a","Content","HTML"
"Hyperlink","https://nmgtechnologies.com/services/mobile-application-development/android-app-development","https://nmgtechnologies.com/blog/nmg-technologies-to-participate-in-mobile-word-capital-barcelona-the-worlds-largest-and-most-influential-connectivity-event","64058","","Read More","200","OK","true","","","Absolute","//body/div[2]/main/div/div/div/div/div[23]/div/div/div[2]/div/div/div/div[@class='wrapper']/div/div[@class='blog-post'][2]/div/a","Content","HTML"
"Hyperlink","https://nmgtechnologies.com/services/mobile-application-development/android-app-development","https://nmgtechnologies.com/blog/nmg-technologies-participated-in-softwave-2023-the-republic-of-korea-software-exhibition","63783","","Read More","200","OK","true","","","Absolute","//body/div[2]/main/div/div/div/div/div[23]/div/div/div[2]/div/div/div/div[@class='wrapper']/div/div[@class='blog-post'][3]/div/a","Content","HTML"
"Hyperlink","https://nmgtechnologies.com/services/dedicated-team-setups/","https://nmgtechnologies.com/blog/stay-ahead-of-the-game-with-koora-break-your-ultimate-companion-for-football-updates","62707","","Read More","200","OK","true","","","Absolute","//body/div[2]/main/div/div/div/div/div[20]/div/div/div[2]/div/div/div/div[@class='wrapper']/div/div[@class='blog-post'][1]/div/a","Content","HTML"
"Hyperlink","https://nmgtechnologies.com/services/dedicated-team-setups/","https://nmgtechnologies.com/blog/nmg-technologies-to-participate-in-mobile-word-capital-barcelona-the-worlds-largest-and-most-influential-connectivity-event","64058","","Read More","200","OK","true","","","Absolute","//body/div[2]/main/div/div/div/div/div[20]/div/div/div[2]/div/div/div/div[@class='wrapper']/div/div[@class='blog-post'][2]/div/a","Content","HTML"
"Hyperlink","https://nmgtechnologies.com/services/dedicated-team-setups/","https://nmgtechnologies.com/blog/nmg-technologies-participated-in-softwave-2023-the-republic-of-korea-software-exhibition","63783","","Read More","200","OK","true","","","Absolute","//body/div[2]/main/div/div/div/div/div[20]/div/div/div[2]/div/div/div/div[@class='wrapper']/div/div[@class='blog-post'][3]/div/a","Content","HTML"
"Hyperlink","https://nmgtechnologies.com/services/mobile-application-development/ios-app-development/","https://nmgtechnologies.com/blog/stay-ahead-of-the-game-with-koora-break-your-ultimate-companion-for-football-updates","62707","","Read More","200","OK","true","","","Absolute","//body/div[2]/main/div/div/div/div/div[21]/div/div/div[2]/div/div/div/div[@class='wrapper']/div/div[@class='blog-post'][1]/div/a","Content","HTML"
"Hyperlink","https://nmgtechnologies.com/services/mobile-application-development/ios-app-development/","https://nmgtechnologies.com/blog/nmg-technologies-to-participate-in-mobile-word-capital-barcelona-the-worlds-largest-and-most-influential-connectivity-event","64058","","Read More","200","OK","true","","","Absolute","//body/div[2]/main/div/div/div/div/div[21]/div/div/div[2]/div/div/div/div[@class='wrapper']/div/div[@class='blog-post'][2]/div/a","Content","HTML"
"Hyperlink","https://nmgtechnologies.com/services/mobile-application-development/ios-app-development/","https://nmgtechnologies.com/blog/nmg-technologies-participated-in-softwave-2023-the-republic-of-korea-software-exhibition","63783","","Read More","200","OK","true","","","Absolute","//body/div[2]/main/div/div/div/div/div[21]/div/div/div[2]/div/div/div/div[@class='wrapper']/div/div[@class='blog-post'][3]/div/a","Content","HTML"
"Hyperlink","https://nmgtechnologies.com/ai-enhanced-web-mobile-application-development","https://nmgtechnologies.com/blog/stay-ahead-of-the-game-with-koora-break-your-ultimate-companion-for-football-updates","62707","","Read More","200","OK","true","","","Absolute","//body/div[2]/main/div/div/div/div/div[17]/div/div/div[2]/div/div/div/div[@class='wrapper']/div/div[@class='blog-post'][1]/div/a","Content","HTML"
"Hyperlink","https://nmgtechnologies.com/ai-enhanced-web-mobile-application-development","https://nmgtechnologies.com/blog/nmg-technologies-to-participate-in-mobile-word-capital-barcelona-the-worlds-largest-and-most-influential-connectivity-event","64058","","Read More","200","OK","true","","","Absolute","//body/div[2]/main/div/div/div/div/div[17]/div/div/div[2]/div/div/div/div[@class='wrapper']/div/div[@class='blog-post'][2]/div/a","Content","HTML"
"Hyperlink","https://nmgtechnologies.com/ai-enhanced-web-mobile-application-development","https://nmgtechnologies.com/blog/nmg-technologies-participated-in-softwave-2023-the-republic-of-korea-software-exhibition","63783","","Read More","200","OK","true","","","Absolute","//body/div[2]/main/div/div/div/div/div[17]/div/div/div[2]/div/div/div/div[@class='wrapper']/div/div[@class='blog-post'][3]/div/a","Content","HTML"
"Hyperlink","https://nmgtechnologies.com/services/shopify","https://nmgtechnologies.com/blog/stay-ahead-of-the-game-with-koora-break-your-ultimate-companion-for-football-updates","62707","","Read More","200","OK","true","","","Absolute","//body/div[2]/main/div/div/div/div/div[19]/div/div/div[2]/div/div/div/div[@class='wrapper']/div/div[@class='blog-post'][1]/div/a","Content","HTML"
"Hyperlink","https://nmgtechnologies.com/services/shopify","https://nmgtechnologies.com/blog/nmg-technologies-to-participate-in-mobile-word-capital-barcelona-the-worlds-largest-and-most-influential-connectivity-event","64058","","Read More","200","OK","true","","","Absolute","//body/div[2]/main/div/div/div/div/div[19]/div/div/div[2]/div/div/div/div[@class='wrapper']/div/div[@class='blog-post'][2]/div/a","Content","HTML"
"Hyperlink","https://nmgtechnologies.com/services/shopify","https://nmgtechnologies.com/blog/nmg-technologies-participated-in-softwave-2023-the-republic-of-korea-software-exhibition","63783","","Read More","200","OK","true","","","Absolute","//body/div[2]/main/div/div/div/div/div[19]/div/div/div[2]/div/div/div/div[@class='wrapper']/div/div[@class='blog-post'][3]/div/a","Content","HTML"
"Hyperlink","https://nmgtechnologies.com/services/custom-software-development/php-development/","https://nmgtechnologies.com/blog/stay-ahead-of-the-game-with-koora-break-your-ultimate-companion-for-football-updates","62707","","Read More","200","OK","true","","","Absolute","//body/div[2]/main/div/div/div/div/div[18]/div/div/div[2]/div/div/div/div[@class='wrapper']/div/div[@class='blog-post'][1]/div/a","Content","HTML"
"Hyperlink","https://nmgtechnologies.com/services/custom-software-development/php-development/","https://nmgtechnologies.com/blog/nmg-technologies-to-participate-in-mobile-word-capital-barcelona-the-worlds-largest-and-most-influential-connectivity-event","64058","","Read More","200","OK","true","","","Absolute","//body/div[2]/main/div/div/div/div/div[18]/div/div/div[2]/div/div/div/div[@class='wrapper']/div/div[@class='blog-post'][2]/div/a","Content","HTML"
"Hyperlink","https://nmgtechnologies.com/services/custom-software-development/php-development/","https://nmgtechnologies.com/blog/nmg-technologies-participated-in-softwave-2023-the-republic-of-korea-software-exhibition","63783","","Read More","200","OK","true","","","Absolute","//body/div[2]/main/div/div/div/div/div[18]/div/div/div[2]/div/div/div/div[@class='wrapper']/div/div[@class='blog-post'][3]/div/a","Content","HTML"
"Hyperlink","https://nmgtechnologies.com/services/ecommerce-development/magento-development/","https://nmgtechnologies.com/blog/stay-ahead-of-the-game-with-koora-break-your-ultimate-companion-for-football-updates","62707","","Read More","200","OK","true","","","Absolute","//body/div[2]/main/div/div/div/div/div[18]/div/div/div[2]/div/div/div/div[@class='wrapper']/div/div[@class='blog-post'][1]/div/a","Content","HTML"
"Hyperlink","https://nmgtechnologies.com/services/ecommerce-development/magento-development/","https://nmgtechnologies.com/blog/nmg-technologies-to-participate-in-mobile-word-capital-barcelona-the-worlds-largest-and-most-influential-connectivity-event","64058","","Read More","200","OK","true","","","Absolute","//body/div[2]/main/div/div/div/div/div[18]/div/div/div[2]/div/div/div/div[@class='wrapper']/div/div[@class='blog-post'][2]/div/a","Content","HTML"
"Hyperlink","https://nmgtechnologies.com/services/ecommerce-development/magento-development/","https://nmgtechnologies.com/blog/nmg-technologies-participated-in-softwave-2023-the-republic-of-korea-software-exhibition","63783","","Read More","200","OK","true","","","Absolute","//body/div[2]/main/div/div/div/div/div[18]/div/div/div[2]/div/div/div/div[@class='wrapper']/div/div[@class='blog-post'][3]/div/a","Content","HTML"
"Hyperlink","https://nmgtechnologies.com/services/it-consulting/","https://nmgtechnologies.com/blog/stay-ahead-of-the-game-with-koora-break-your-ultimate-companion-for-football-updates","62707","","Read More","200","OK","true","","","Absolute","//body/div[2]/main/div/div/div/div/div[17]/div/div/div[2]/div/div/div/div[@class='wrapper']/div/div[@class='blog-post'][1]/div/a","Content","HTML"
"Hyperlink","https://nmgtechnologies.com/services/it-consulting/","https://nmgtechnologies.com/blog/nmg-technologies-to-participate-in-mobile-word-capital-barcelona-the-worlds-largest-and-most-influential-connectivity-event","64058","","Read More","200","OK","true","","","Absolute","//body/div[2]/main/div/div/div/div/div[17]/div/div/div[2]/div/div/div/div[@class='wrapper']/div/div[@class='blog-post'][2]/div/a","Content","HTML"
"Hyperlink","https://nmgtechnologies.com/services/it-consulting/","https://nmgtechnologies.com/blog/nmg-technologies-participated-in-softwave-2023-the-republic-of-korea-software-exhibition","63783","","Read More","200","OK","true","","","Absolute","//body/div[2]/main/div/div/div/div/div[17]/div/div/div[2]/div/div/div/div[@class='wrapper']/div/div[@class='blog-post'][3]/div/a","Content","HTML"
"Hyperlink","https://nmgtechnologies.com/agentic-ai","https://nmgtechnologies.com/blog/stay-ahead-of-the-game-with-koora-break-your-ultimate-companion-for-football-updates","62707","","Read More","200","OK","true","","","Absolute","//body/div[2]/main/div/div/div/div/div[20]/div/div/div[2]/div/div/div/div[@class='wrapper']/div/div[@class='blog-post'][1]/div/a","Content","HTML"
"Hyperlink","https://nmgtechnologies.com/agentic-ai","https://nmgtechnologies.com/blog/nmg-technologies-to-participate-in-mobile-word-capital-barcelona-the-worlds-largest-and-most-influential-connectivity-event","64058","","Read More","200","OK","true","","","Absolute","//body/div[2]/main/div/div/div/div/div[20]/div/div/div[2]/div/div/div/div[@class='wrapper']/div/div[@class='blog-post'][2]/div/a","Content","HTML"
"Hyperlink","https://nmgtechnologies.com/agentic-ai","https://nmgtechnologies.com/blog/nmg-technologies-participated-in-softwave-2023-the-republic-of-korea-software-exhibition","63783","","Read More","200","OK","true","","","Absolute","//body/div[2]/main/div/div/div/div/div[20]/div/div/div[2]/div/div/div/div[@class='wrapper']/div/div[@class='blog-post'][3]/div/a","Content","HTML"
"Hyperlink","https://nmgtechnologies.com/services/ecommerce-development/","https://nmgtechnologies.com/blog/stay-ahead-of-the-game-with-koora-break-your-ultimate-companion-for-football-updates","62707","","Read More","200","OK","true","","","Absolute","//body/div[2]/main/div/div/div/div/div[18]/div/div/div[2]/div/div/div/div[@class='wrapper']/div/div[@class='blog-post'][1]/div/a","Content","HTML"
"Hyperlink","https://nmgtechnologies.com/services/ecommerce-development/","https://nmgtechnologies.com/blog/nmg-technologies-to-participate-in-mobile-word-capital-barcelona-the-worlds-largest-and-most-influential-connectivity-event","64058","","Read More","200","OK","true","","","Absolute","//body/div[2]/main/div/div/div/div/div[18]/div/div/div[2]/div/div/div/div[@class='wrapper']/div/div[@class='blog-post'][2]/div/a","Content","HTML"
"Hyperlink","https://nmgtechnologies.com/services/ecommerce-development/","https://nmgtechnologies.com/blog/nmg-technologies-participated-in-softwave-2023-the-republic-of-korea-software-exhibition","63783","","Read More","200","OK","true","","","Absolute","//body/div[2]/main/div/div/div/div/div[18]/div/div/div[2]/div/div/div/div[@class='wrapper']/div/div[@class='blog-post'][3]/div/a","Content","HTML"
"Hyperlink","https://nmgtechnologies.com/services/custom-software-development/saas-development/","https://nmgtechnologies.com/blog/stay-ahead-of-the-game-with-koora-break-your-ultimate-companion-for-football-updates","62707","","Read More","200","OK","true","","","Absolute","//body/div[2]/main/div/div/div/div/div[17]/div/div/div[2]/div/div/div/div[@class='wrapper']/div/div[@class='blog-post'][1]/div/a","Content","HTML"
"Hyperlink","https://nmgtechnologies.com/services/custom-software-development/saas-development/","https://nmgtechnologies.com/blog/nmg-technologies-to-participate-in-mobile-word-capital-barcelona-the-worlds-largest-and-most-influential-connectivity-event","64058","","Read More","200","OK","true","","","Absolute","//body/div[2]/main/div/div/div/div/div[17]/div/div/div[2]/div/div/div/div[@class='wrapper']/div/div[@class='blog-post'][2]/div/a","Content","HTML"
"Hyperlink","https://nmgtechnologies.com/services/custom-software-development/saas-development/","https://nmgtechnologies.com/blog/nmg-technologies-participated-in-softwave-2023-the-republic-of-korea-software-exhibition","63783","","Read More","200","OK","true","","","Absolute","//body/div[2]/main/div/div/div/div/div[17]/div/div/div[2]/div/div/div/div[@class='wrapper']/div/div[@class='blog-post'][3]/div/a","Content","HTML"
"Hyperlink","https://nmgtechnologies.com/ai-strategy-implementation-consulting","https://nmgtechnologies.com/blog/stay-ahead-of-the-game-with-koora-break-your-ultimate-companion-for-football-updates","62707","","Read More","200","OK","true","","","Absolute","//body/div[2]/main/div/div/div/div/div[17]/div/div/div[2]/div/div/div/div[@class='wrapper']/div/div[@class='blog-post'][1]/div/a","Content","HTML"
"Hyperlink","https://nmgtechnologies.com/ai-strategy-implementation-consulting","https://nmgtechnologies.com/blog/nmg-technologies-to-participate-in-mobile-word-capital-barcelona-the-worlds-largest-and-most-influential-connectivity-event","64058","","Read More","200","OK","true","","","Absolute","//body/div[2]/main/div/div/div/div/div[17]/div/div/div[2]/div/div/div/div[@class='wrapper']/div/div[@class='blog-post'][2]/div/a","Content","HTML"
"Hyperlink","https://nmgtechnologies.com/ai-strategy-implementation-consulting","https://nmgtechnologies.com/blog/nmg-technologies-participated-in-softwave-2023-the-republic-of-korea-software-exhibition","63783","","Read More","200","OK","true","","","Absolute","//body/div[2]/main/div/div/div/div/div[17]/div/div/div[2]/div/div/div/div[@class='wrapper']/div/div[@class='blog-post'][3]/div/a","Content","HTML"
"Hyperlink","https://nmgtechnologies.com/services/erp-development","https://nmgtechnologies.com/blog/stay-ahead-of-the-game-with-koora-break-your-ultimate-companion-for-football-updates","62707","","Read More","200","OK","true","","","Absolute","//body/div[2]/main/div/div/div/div/div[18]/div/div/div[2]/div/div/div/div[@class='wrapper']/div/div[@class='blog-post'][1]/div/a","Content","HTML"
"Hyperlink","https://nmgtechnologies.com/services/erp-development","https://nmgtechnologies.com/blog/nmg-technologies-to-participate-in-mobile-word-capital-barcelona-the-worlds-largest-and-most-influential-connectivity-event","64058","","Read More","200","OK","true","","","Absolute","//body/div[2]/main/div/div/div/div/div[18]/div/div/div[2]/div/div/div/div[@class='wrapper']/div/div[@class='blog-post'][2]/div/a","Content","HTML"
"Hyperlink","https://nmgtechnologies.com/services/erp-development","https://nmgtechnologies.com/blog/nmg-technologies-participated-in-softwave-2023-the-republic-of-korea-software-exhibition","63783","","Read More","200","OK","true","","","Absolute","//body/div[2]/main/div/div/div/div/div[18]/div/div/div[2]/div/div/div/div[@class='wrapper']/div/div[@class='blog-post'][3]/div/a","Content","HTML"
"Hyperlink","https://nmgtechnologies.com/solution/internet-of-things/","https://nmgtechnologies.com/blog/stay-ahead-of-the-game-with-koora-break-your-ultimate-companion-for-football-updates","62707","","Read More","200","OK","true","","","Absolute","//body/div[2]/main/div/div/div/div/div[16]/div/div/div[2]/div/div/div/div[@class='wrapper']/div/div[@class='blog-post'][1]/div/a","Content","HTML"
"Hyperlink","https://nmgtechnologies.com/solution/internet-of-things/","https://nmgtechnologies.com/blog/nmg-technologies-to-participate-in-mobile-word-capital-barcelona-the-worlds-largest-and-most-influential-connectivity-event","64058","","Read More","200","OK","true","","","Absolute","//body/div[2]/main/div/div/div/div/div[16]/div/div/div[2]/div/div/div/div[@class='wrapper']/div/div[@class='blog-post'][2]/div/a","Content","HTML"
"Hyperlink","https://nmgtechnologies.com/solution/internet-of-things/","https://nmgtechnologies.com/blog/nmg-technologies-participated-in-softwave-2023-the-republic-of-korea-software-exhibition","63783","","Read More","200","OK","true","","","Absolute","//body/div[2]/main/div/div/div/div/div[16]/div/div/div[2]/div/div/div/div[@class='wrapper']/div/div[@class='blog-post'][3]/div/a","Content","HTML"
"Hyperlink","https://nmgtechnologies.com/solution/blockchain","https://nmgtechnologies.com/blog/stay-ahead-of-the-game-with-koora-break-your-ultimate-companion-for-football-updates","62707","","Read More","200","OK","true","","","Absolute","//body/div[2]/main/div/div/div/div/div[22]/div/div/div[2]/div/div/div/div[@class='wrapper']/div/div[@class='blog-post'][1]/div/a","Content","HTML"
"Hyperlink","https://nmgtechnologies.com/solution/blockchain","https://nmgtechnologies.com/blog/nmg-technologies-to-participate-in-mobile-word-capital-barcelona-the-worlds-largest-and-most-influential-connectivity-event","64058","","Read More","200","OK","true","","","Absolute","//body/div[2]/main/div/div/div/div/div[22]/div/div/div[2]/div/div/div/div[@class='wrapper']/div/div[@class='blog-post'][2]/div/a","Content","HTML"
"Hyperlink","https://nmgtechnologies.com/solution/blockchain","https://nmgtechnologies.com/blog/nmg-technologies-participated-in-softwave-2023-the-republic-of-korea-software-exhibition","63783","","Read More","200","OK","true","","","Absolute","//body/div[2]/main/div/div/div/div/div[22]/div/div/div[2]/div/div/div/div[@class='wrapper']/div/div[@class='blog-post'][3]/div/a","Content","HTML"
"Hyperlink","https://nmgtechnologies.com/ai-powered-saas-development","https://nmgtechnologies.com/blog/stay-ahead-of-the-game-with-koora-break-your-ultimate-companion-for-football-updates","62707","","Read More","200","OK","true","","","Absolute","//body/div[2]/main/div/div/div/div/div[17]/div/div/div[2]/div/div/div/div[@class='wrapper']/div/div[@class='blog-post'][1]/div/a","Content","HTML"
"Hyperlink","https://nmgtechnologies.com/ai-powered-saas-development","https://nmgtechnologies.com/blog/nmg-technologies-to-participate-in-mobile-word-capital-barcelona-the-worlds-largest-and-most-influential-connectivity-event","64058","","Read More","200","OK","true","","","Absolute","//body/div[2]/main/div/div/div/div/div[17]/div/div/div[2]/div/div/div/div[@class='wrapper']/div/div[@class='blog-post'][2]/div/a","Content","HTML"
"Hyperlink","https://nmgtechnologies.com/ai-powered-saas-development","https://nmgtechnologies.com/blog/nmg-technologies-participated-in-softwave-2023-the-republic-of-korea-software-exhibition","63783","","Read More","200","OK","true","","","Absolute","//body/div[2]/main/div/div/div/div/div[17]/div/div/div[2]/div/div/div/div[@class='wrapper']/div/div[@class='blog-post'][3]/div/a","Content","HTML"
"Hyperlink","https://nmgtechnologies.com/ai-optimized-ecommerce-solutions","https://nmgtechnologies.com/blog/stay-ahead-of-the-game-with-koora-break-your-ultimate-companion-for-football-updates","62707","","Read More","200","OK","true","","","Absolute","//body/div[2]/main/div/div/div/div/div[17]/div/div/div[2]/div/div/div/div[@class='wrapper']/div/div[@class='blog-post'][1]/div/a","Content","HTML"
"Hyperlink","https://nmgtechnologies.com/ai-optimized-ecommerce-solutions","https://nmgtechnologies.com/blog/nmg-technologies-to-participate-in-mobile-word-capital-barcelona-the-worlds-largest-and-most-influential-connectivity-event","64058","","Read More","200","OK","true","","","Absolute","//body/div[2]/main/div/div/div/div/div[17]/div/div/div[2]/div/div/div/div[@class='wrapper']/div/div[@class='blog-post'][2]/div/a","Content","HTML"
"Hyperlink","https://nmgtechnologies.com/ai-optimized-ecommerce-solutions","https://nmgtechnologies.com/blog/nmg-technologies-participated-in-softwave-2023-the-republic-of-korea-software-exhibition","63783","","Read More","200","OK","true","","","Absolute","//body/div[2]/main/div/div/div/div/div[17]/div/div/div[2]/div/div/div/div[@class='wrapper']/div/div[@class='blog-post'][3]/div/a","Content","HTML"
"Hyperlink","https://nmgtechnologies.com/ai-driven-business-transformation-consulting","https://nmgtechnologies.com/blog/stay-ahead-of-the-game-with-koora-break-your-ultimate-companion-for-football-updates","62707","","Read More","200","OK","true","","","Absolute","//body/div[2]/main/div/div/div/div/div[17]/div/div/div[2]/div/div/div/div[@class='wrapper']/div/div[@class='blog-post'][1]/div/a","Content","HTML"
"Hyperlink","https://nmgtechnologies.com/ai-driven-business-transformation-consulting","https://nmgtechnologies.com/blog/nmg-technologies-to-participate-in-mobile-word-capital-barcelona-the-worlds-largest-and-most-influential-connectivity-event","64058","","Read More","200","OK","true","","","Absolute","//body/div[2]/main/div/div/div/div/div[17]/div/div/div[2]/div/div/div/div[@class='wrapper']/div/div[@class='blog-post'][2]/div/a","Content","HTML"
"Hyperlink","https://nmgtechnologies.com/ai-driven-business-transformation-consulting","https://nmgtechnologies.com/blog/nmg-technologies-participated-in-softwave-2023-the-republic-of-korea-software-exhibition","63783","","Read More","200","OK","true","","","Absolute","//body/div[2]/main/div/div/div/div/div[17]/div/div/div[2]/div/div/div/div[@class='wrapper']/div/div[@class='blog-post'][3]/div/a","Content","HTML"
"Hyperlink","https://nmgtechnologies.com/services/custom-software-development/","https://nmgtechnologies.com/blog/stay-ahead-of-the-game-with-koora-break-your-ultimate-companion-for-football-updates","62707","","Read More","200","OK","true","","","Absolute","//body/div[2]/main/div/div/div/div/div[19]/div/div/div[2]/div/div/div/div[@class='wrapper']/div/div[@class='blog-post'][1]/div/a","Content","HTML"
"Hyperlink","https://nmgtechnologies.com/services/custom-software-development/","https://nmgtechnologies.com/blog/nmg-technologies-to-participate-in-mobile-word-capital-barcelona-the-worlds-largest-and-most-influential-connectivity-event","64058","","Read More","200","OK","true","","","Absolute","//body/div[2]/main/div/div/div/div/div[19]/div/div/div[2]/div/div/div/div[@class='wrapper']/div/div[@class='blog-post'][2]/div/a","Content","HTML"
"Hyperlink","https://nmgtechnologies.com/services/custom-software-development/","https://nmgtechnologies.com/blog/nmg-technologies-participated-in-softwave-2023-the-republic-of-korea-software-exhibition","63783","","Read More","200","OK","true","","","Absolute","//body/div[2]/main/div/div/div/div/div[19]/div/div/div[2]/div/div/div/div[@class='wrapper']/div/div[@class='blog-post'][3]/div/a","Content","HTML"
"Hyperlink","https://nmgtechnologies.com/ai-driven-devops-cloud-automation","https://nmgtechnologies.com/blog/stay-ahead-of-the-game-with-koora-break-your-ultimate-companion-for-football-updates","62707","","Read More","200","OK","true","","","Absolute","//body/div[2]/main/div/div/div/div/div[17]/div/div/div[2]/div/div/div/div[@class='wrapper']/div/div[@class='blog-post'][1]/div/a","Content","HTML"
"Hyperlink","https://nmgtechnologies.com/ai-driven-devops-cloud-automation","https://nmgtechnologies.com/blog/nmg-technologies-to-participate-in-mobile-word-capital-barcelona-the-worlds-largest-and-most-influential-connectivity-event","64058","","Read More","200","OK","true","","","Absolute","//body/div[2]/main/div/div/div/div/div[17]/div/div/div[2]/div/div/div/div[@class='wrapper']/div/div[@class='blog-post'][2]/div/a","Content","HTML"
"Hyperlink","https://nmgtechnologies.com/ai-driven-devops-cloud-automation","https://nmgtechnologies.com/blog/nmg-technologies-participated-in-softwave-2023-the-republic-of-korea-software-exhibition","63783","","Read More","200","OK","true","","","Absolute","//body/div[2]/main/div/div/div/div/div[17]/div/div/div[2]/div/div/div/div[@class='wrapper']/div/div[@class='blog-post'][3]/div/a","Content","HTML"
"Hyperlink","https://nmgtechnologies.com/ai-powered-business-process-transformation","https://nmgtechnologies.com/blog/stay-ahead-of-the-game-with-koora-break-your-ultimate-companion-for-football-updates","62707","","Read More","200","OK","true","","","Absolute","//body/div[2]/main/div/div/div/div/div[17]/div/div/div[2]/div/div/div/div[@class='wrapper']/div/div[@class='blog-post'][1]/div/a","Content","HTML"
"Hyperlink","https://nmgtechnologies.com/ai-powered-business-process-transformation","https://nmgtechnologies.com/blog/nmg-technologies-to-participate-in-mobile-word-capital-barcelona-the-worlds-largest-and-most-influential-connectivity-event","64058","","Read More","200","OK","true","","","Absolute","//body/div[2]/main/div/div/div/div/div[17]/div/div/div[2]/div/div/div/div[@class='wrapper']/div/div[@class='blog-post'][2]/div/a","Content","HTML"
"Hyperlink","https://nmgtechnologies.com/ai-powered-business-process-transformation","https://nmgtechnologies.com/blog/nmg-technologies-participated-in-softwave-2023-the-republic-of-korea-software-exhibition","63783","","Read More","200","OK","true","","","Absolute","//body/div[2]/main/div/div/div/div/div[17]/div/div/div[2]/div/div/div/div[@class='wrapper']/div/div[@class='blog-post'][3]/div/a","Content","HTML"
"Hyperlink","https://nmgtechnologies.com/services/crm-development","https://nmgtechnologies.com/blog/stay-ahead-of-the-game-with-koora-break-your-ultimate-companion-for-football-updates","62707","","Read More","200","OK","true","","","Absolute","//body/div[2]/main/div/div/div/div/div[19]/div/div/div[2]/div/div/div/div[@class='wrapper']/div/div[@class='blog-post'][1]/div/a","Content","HTML"
"Hyperlink","https://nmgtechnologies.com/services/crm-development","https://nmgtechnologies.com/blog/nmg-technologies-to-participate-in-mobile-word-capital-barcelona-the-worlds-largest-and-most-influential-connectivity-event","64058","","Read More","200","OK","true","","","Absolute","//body/div[2]/main/div/div/div/div/div[19]/div/div/div[2]/div/div/div/div[@class='wrapper']/div/div[@class='blog-post'][2]/div/a","Content","HTML"
"Hyperlink","https://nmgtechnologies.com/services/crm-development","https://nmgtechnologies.com/blog/nmg-technologies-participated-in-softwave-2023-the-republic-of-korea-software-exhibition","63783","","Read More","200","OK","true","","","Absolute","//body/div[2]/main/div/div/div/div/div[19]/div/div/div[2]/div/div/div/div[@class='wrapper']/div/div[@class='blog-post'][3]/div/a","Content","HTML"
"Hyperlink","https://nmgtechnologies.com/services/mobile-application-development","https://nmgtechnologies.com/blog/stay-ahead-of-the-game-with-koora-break-your-ultimate-companion-for-football-updates","62707","","Read More","200","OK","true","","","Absolute","//body/div[2]/main/div/div/div/div/div[19]/div/div/div[2]/div/div/div/div[@class='wrapper']/div/div[@class='blog-post'][1]/div/a","Content","HTML"
"Hyperlink","https://nmgtechnologies.com/services/mobile-application-development","https://nmgtechnologies.com/blog/nmg-technologies-to-participate-in-mobile-word-capital-barcelona-the-worlds-largest-and-most-influential-connectivity-event","64058","","Read More","200","OK","true","","","Absolute","//body/div[2]/main/div/div/div/div/div[19]/div/div/div[2]/div/div/div/div[@class='wrapper']/div/div[@class='blog-post'][2]/div/a","Content","HTML"
"Hyperlink","https://nmgtechnologies.com/services/mobile-application-development","https://nmgtechnologies.com/blog/nmg-technologies-participated-in-softwave-2023-the-republic-of-korea-software-exhibition","63783","","Read More","200","OK","true","","","Absolute","//body/div[2]/main/div/div/div/div/div[19]/div/div/div[2]/div/div/div/div[@class='wrapper']/div/div[@class='blog-post'][3]/div/a","Content","HTML"
"Hyperlink","https://nmgtechnologies.com/services/user-interface-design/","https://nmgtechnologies.com/blog/stay-ahead-of-the-game-with-koora-break-your-ultimate-companion-for-football-updates","62707","","Read More","200","OK","true","","","Absolute","//body/div[2]/main/div/div/div/div/div[16]/div/div/div[2]/div/div/div/div[@class='wrapper']/div/div[@class='blog-post'][1]/div/a","Content","HTML"
"Hyperlink","https://nmgtechnologies.com/services/user-interface-design/","https://nmgtechnologies.com/blog/nmg-technologies-to-participate-in-mobile-word-capital-barcelona-the-worlds-largest-and-most-influential-connectivity-event","64058","","Read More","200","OK","true","","","Absolute","//body/div[2]/main/div/div/div/div/div[16]/div/div/div[2]/div/div/div/div[@class='wrapper']/div/div[@class='blog-post'][2]/div/a","Content","HTML"
"Hyperlink","https://nmgtechnologies.com/services/user-interface-design/","https://nmgtechnologies.com/blog/nmg-technologies-participated-in-softwave-2023-the-republic-of-korea-software-exhibition","63783","","Read More","200","OK","true","","","Absolute","//body/div[2]/main/div/div/div/div/div[16]/div/div/div[2]/div/div/div/div[@class='wrapper']/div/div[@class='blog-post'][3]/div/a","Content","HTML"
"Hyperlink","https://nmgtechnologies.com/services/mobile-application-development/tablet-app-development/","https://nmgtechnologies.com/blog/stay-ahead-of-the-game-with-koora-break-your-ultimate-companion-for-football-updates","62707","","Read More","200","OK","true","","","Absolute","//body/div[2]/main/div/div/div/div/div[20]/div/div/div[2]/div/div/div/div[@class='wrapper']/div/div[@class='blog-post'][1]/div/a","Content","HTML"
"Hyperlink","https://nmgtechnologies.com/services/mobile-application-development/tablet-app-development/","https://nmgtechnologies.com/blog/nmg-technologies-to-participate-in-mobile-word-capital-barcelona-the-worlds-largest-and-most-influential-connectivity-event","64058","","Read More","200","OK","true","","","Absolute","//body/div[2]/main/div/div/div/div/div[20]/div/div/div[2]/div/div/div/div[@class='wrapper']/div/div[@class='blog-post'][2]/div/a","Content","HTML"
"Hyperlink","https://nmgtechnologies.com/services/mobile-application-development/tablet-app-development/","https://nmgtechnologies.com/blog/nmg-technologies-participated-in-softwave-2023-the-republic-of-korea-software-exhibition","63783","","Read More","200","OK","true","","","Absolute","//body/div[2]/main/div/div/div/div/div[20]/div/div/div[2]/div/div/div/div[@class='wrapper']/div/div[@class='blog-post'][3]/div/a","Content","HTML"
"Hyperlink","https://nmgtechnologies.com/services/user-interface-design/mobile-design/","https://nmgtechnologies.com/blog/stay-ahead-of-the-game-with-koora-break-your-ultimate-companion-for-football-updates","62707","","Read More","200","OK","true","","","Absolute","//body/div[2]/main/div/div/div/div/div[19]/div/div/div[2]/div/div/div/div[@class='wrapper']/div/div[@class='blog-post'][1]/div/a","Content","HTML"
"Hyperlink","https://nmgtechnologies.com/services/user-interface-design/mobile-design/","https://nmgtechnologies.com/blog/nmg-technologies-to-participate-in-mobile-word-capital-barcelona-the-worlds-largest-and-most-influential-connectivity-event","64058","","Read More","200","OK","true","","","Absolute","//body/div[2]/main/div/div/div/div/div[19]/div/div/div[2]/div/div/div/div[@class='wrapper']/div/div[@class='blog-post'][2]/div/a","Content","HTML"
"Hyperlink","https://nmgtechnologies.com/services/user-interface-design/mobile-design/","https://nmgtechnologies.com/blog/nmg-technologies-participated-in-softwave-2023-the-republic-of-korea-software-exhibition","63783","","Read More","200","OK","true","","","Absolute","//body/div[2]/main/div/div/div/div/div[19]/div/div/div[2]/div/div/div/div[@class='wrapper']/div/div[@class='blog-post'][3]/div/a","Content","HTML"
"Hyperlink","https://nmgtechnologies.com/solution/augmented-reality/","https://nmgtechnologies.com/blog/stay-ahead-of-the-game-with-koora-break-your-ultimate-companion-for-football-updates","62707","","Read More","200","OK","true","","","Absolute","//body/div[2]/main/div/div/div/div/div[20]/div/div/div[2]/div/div/div/div[@class='wrapper']/div/div[@class='blog-post'][1]/div/a","Content","HTML"
"Hyperlink","https://nmgtechnologies.com/solution/augmented-reality/","https://nmgtechnologies.com/blog/nmg-technologies-to-participate-in-mobile-word-capital-barcelona-the-worlds-largest-and-most-influential-connectivity-event","64058","","Read More","200","OK","true","","","Absolute","//body/div[2]/main/div/div/div/div/div[20]/div/div/div[2]/div/div/div/div[@class='wrapper']/div/div[@class='blog-post'][2]/div/a","Content","HTML"
"Hyperlink","https://nmgtechnologies.com/solution/augmented-reality/","https://nmgtechnologies.com/blog/nmg-technologies-participated-in-softwave-2023-the-republic-of-korea-software-exhibition","63783","","Read More","200","OK","true","","","Absolute","//body/div[2]/main/div/div/div/div/div[20]/div/div/div[2]/div/div/div/div[@class='wrapper']/div/div[@class='blog-post'][3]/div/a","Content","HTML"
"Hyperlink","https://nmgtechnologies.com/services/user-interface-design/web-design/","https://nmgtechnologies.com/blog/stay-ahead-of-the-game-with-koora-break-your-ultimate-companion-for-football-updates","62707","","Read More","200","OK","true","","","Absolute","//body/div[2]/main/div/div/div/div/div[18]/div/div/div[2]/div/div/div/div[@class='wrapper']/div/div[@class='blog-post'][1]/div/a","Content","HTML"
"Hyperlink","https://nmgtechnologies.com/services/user-interface-design/web-design/","https://nmgtechnologies.com/blog/nmg-technologies-to-participate-in-mobile-word-capital-barcelona-the-worlds-largest-and-most-influential-connectivity-event","64058","","Read More","200","OK","true","","","Absolute","//body/div[2]/main/div/div/div/div/div[18]/div/div/div[2]/div/div/div/div[@class='wrapper']/div/div[@class='blog-post'][2]/div/a","Content","HTML"
"Hyperlink","https://nmgtechnologies.com/services/user-interface-design/web-design/","https://nmgtechnologies.com/blog/nmg-technologies-participated-in-softwave-2023-the-republic-of-korea-software-exhibition","63783","","Read More","200","OK","true","","","Absolute","//body/div[2]/main/div/div/div/div/div[18]/div/div/div[2]/div/div/div/div[@class='wrapper']/div/div[@class='blog-post'][3]/div/a","Content","HTML"
"Hyperlink","https://nmgtechnologies.com/services/custom-software-development/aspnet-development/","https://nmgtechnologies.com/blog/stay-ahead-of-the-game-with-koora-break-your-ultimate-companion-for-football-updates","62707","","Read More","200","OK","true","","","Absolute","//body/div[2]/main/div/div/div/div/div[17]/div/div/div[2]/div/div/div/div[@class='wrapper']/div/div[@class='blog-post'][1]/div/a","Content","HTML"
"Hyperlink","https://nmgtechnologies.com/services/custom-software-development/aspnet-development/","https://nmgtechnologies.com/blog/nmg-technologies-to-participate-in-mobile-word-capital-barcelona-the-worlds-largest-and-most-influential-connectivity-event","64058","","Read More","200","OK","true","","","Absolute","//body/div[2]/main/div/div/div/div/div[17]/div/div/div[2]/div/div/div/div[@class='wrapper']/div/div[@class='blog-post'][2]/div/a","Content","HTML"
"Hyperlink","https://nmgtechnologies.com/services/custom-software-development/aspnet-development/","https://nmgtechnologies.com/blog/nmg-technologies-participated-in-softwave-2023-the-republic-of-korea-software-exhibition","63783","","Read More","200","OK","true","","","Absolute","//body/div[2]/main/div/div/div/div/div[17]/div/div/div[2]/div/div/div/div[@class='wrapper']/div/div[@class='blog-post'][3]/div/a","Content","HTML"
"Hyperlink","https://nmgtechnologies.com/blog/wordpress-website-perfect-solution-small-business","https://nmgtechnologies.com/web-development-company/","0","","here","","","true","","","Absolute","//body/div[1]/main/div/div[@class='content-wrapper'][1]/article/div[@class='blog-post__body-wrapper']/div[@class='blog-post__body']/span/p[129]/span[2]/a","Content","HTML"
